Atletico de Bilbao,1970-71,E,P,E,G,P,G,E,G,G,E,P,G,P,G,E,G,G,G,G,G,P,G,P,P,P,G,E,E,P,G
Barcelona,1970-71,E,G,E,G,G,G,G,P,G,G,P,G,G,P,G,P,G,G,P,E,G,P,E,G,G,G,G,G,G,E
Las Palmas,1970-71,E,P,E,E,E,P,P,G,E,P,E,E,P,G,P,P,E,P,P,G,G,P,P,G,P,P,P,E,P,E
Atletico de Madrid,1970-71,E,G,G,G,G,G,E,E,P,G,E,G,E,G,P,G,P,G,P,G,G,G,P,G,E,G,G,G,E,E
Real Madrid,1970-71,G,P,G,E,E,G,P,E,P,G,G,E,E,G,G,P,G,P,G,G,E,G,G,G,G,P,G,G,G,E
Valencia,1970-71,P,G,P,E,E,G,G,G,G,E,G,P,G,G,G,G,E,E,G,E,G,G,E,P,G,G,G,G,G,P
Celta de Vigo,1970-71,G,P,E,P,G,E,G,G,E,G,P,G,P,G,G,P,E,P,G,P,G,G,P,G,G,G,P,G,P,E
Sporting de Gijon,1970-71,P,G,P,P,E,P,E,G,P,G,G,P,E,P,E,G,P,G,P,P,P,G,P,G,G,P,P,P,G,E
Elche,1970-71,E,P,G,P,P,P,E,E,E,P,E,E,E,P,P,P,P,P,E,E,P,P,G,P,E,G,P,P,P,G
Granada,1970-71,E,G,P,E,P,G,G,P,E,P,E,P,G,P,G,G,P,G,P,E,P,E,G,P,P,P,E,E,G,G
Espanol,1970-71,P,P,E,G,E,P,E,P,E,P,G,E,G,P,P,P,G,P,G,E,P,P,G,E,P,E,G,E,P,G
Sevilla,1970-71,G,G,G,E,G,P,E,E,P,P,G,P,G,P,G,G,P,E,G,E,G,P,G,P,E,P,G,P,G,P
Sabadell,1970-71,E,P,G,P,P,P,G,P,E,G,P,E,P,G,P,P,G,P,G,P,G,P,G,P,E,E,P,P,P,P
Real Sociedad,1970-71,E,G,E,E,E,G,P,P,G,E,G,P,G,P,P,G,G,G,P,E,P,E,G,P,P,P,P,E,G,E
Zaragoza,1970-71,E,P,P,P,E,E,P,E,E,P,P,G,P,G,E,P,P,P,P,P,P,G,P,E,P,P,P,E,P,E
CD Malaga,1970-71,E,G,P,G,E,P,P,E,E,E,P,E,P,P,E,G,E,G,E,E,E,P,P,G,G,G,G,P,E,P
Atletico de Bilbao,1971-72,P,P,P,P,G,E,P,E,G,G,P,G,P,G,P,P,G,P,G,G,G,P,G,G,P,P,P,G,G,G
Las Palmas,1971-72,G,E,G,E,P,E,P,G,E,E,P,G,G,P,G,P,E,G,P,P,P,G,G,G,E,G,P,G,P,G
Valencia,1971-72,E,E,G,G,G,G,G,E,E,G,P,E,P,G,G,G,P,P,G,P,G,P,G,E,G,P,E,G,P,G
Espanol,1971-72,E,G,E,G,P,E,P,G,P,E,G,P,P,G,G,G,P,G,P,P,P,G,P,E,P,G,P,P,E,E
Barcelona,1971-72,G,P,P,P,E,E,G,E,P,P,E,G,G,G,G,G,E,E,G,G,G,E,E,G,G,G,E,G,P,G
Real Sociedad,1971-72,P,G,P,E,P,G,E,P,G,E,G,P,G,G,G,G,G,E,P,P,G,G,P,G,P,P,G,P,E,P
Celta de Vigo,1971-72,G,E,P,P,P,P,P,E,G,G,P,G,E,P,P,G,E,E,G,E,E,G,P,P,E,G,P,G,E,E
Atletico de Madrid,1971-72,P,G,G,P,E,G,E,P,E,E,E,G,G,G,G,P,G,E,P,P,P,E,P,G,E,G,G,E,E,E
Deportivo,1971-72,G,P,G,P,G,P,E,P,P,P,G,E,P,E,P,G,P,E,E,G,G,P,E,P,E,P,G,P,G,P
Cordoba,1971-72,P,E,P,E,E,P,G,P,P,E,G,P,G,P,P,P,G,E,E,E,P,E,G,E,E,E,P,E,E,P
Granada,1971-72,G,P,E,E,G,P,E,E,G,P,G,P,P,E,P,G,P,P,G,G,G,P,G,P,E,E,G,P,G,G
CD Malaga,1971-72,P,G,G,G,E,E,E,P,E,G,E,E,E,E,G,P,E,G,E,E,P,E,P,P,G,P,E,E,E,E
Real Madrid,1971-72,G,G,G,E,G,E,G,G,E,E,E,P,G,E,G,G,G,E,E,E,G,G,G,P,G,G,G,P,G,P
Betis,1971-72,P,E,P,G,P,E,E,G,P,G,P,E,P,P,P,G,P,E,P,G,P,G,E,G,E,E,G,E,E,G
Sabadell,1971-72,P,P,G,G,P,E,P,E,P,G,E,G,P,E,P,P,E,P,G,P,E,P,P,E,P,E,P,E,P,G
Sporting de Gijon,1971-72,G,G,P,G,P,G,P,E,G,P,P,G,P,E,P,P,E,G,P,G,P,G,E,G,P,E,E,G,E,P
Sevilla,1971-72,G,E,P,E,G,E,G,G,G,P,E,P,G,P,G,P,P,P,E,E,P,P,P,P,E,E,G,E,P,P
Burgos,1971-72,P,P,G,P,G,E,G,E,E,P,G,P,G,P,P,P,G,G,E,E,G,P,G,P,G,P,P,P,G,P
Sporting de Gijon,1972-73,G,P,E,P,G,P,G,P,P,E,G,E,P,G,P,E,P,P,G,P,G,E,G,P,G,P,E,P,P,G
Betis,1972-73,P,P,P,P,E,E,P,E,E,G,G,E,E,P,P,E,G,G,P,G,P,E,P,G,P,E,P,E,E,E
Granada,1972-73,E,E,E,P,E,P,E,G,G,P,G,E,G,P,P,P,G,P,G,E,G,E,P,P,E,P,G,E,E,P
Zaragoza,1972-73,E,G,G,E,G,E,E,P,G,P,E,G,P,P,G,E,P,G,P,E,P,P,G,E,G,P,E,P,E,E
Las Palmas,1972-73,G,G,E,P,G,P,P,P,P,E,E,E,P,G,P,G,E,P,G,P,P,P,G,G,E,P,E,G,P,G
Oviedo,1972-73,P,P,P,G,P,E,E,G,E,P,P,E,E,E,E,P,G,G,P,E,P,G,E,G,G,E,P,P,G,G
CD Malaga,1972-73,E,E,E,G,P,G,G,P,E,G,E,G,P,E,G,G,P,P,G,G,P,E,P,P,E,G,P,G,P,E
Atletico de Bilbao,1972-73,E,E,G,G,P,G,P,P,P,G,P,E,E,G,E,P,G,G,P,E,P,G,P,P,E,G,P,G,P,E
Atletico de Madrid,1972-73,P,G,G,G,E,P,G,G,G,E,P,E,G,G,G,E,E,G,G,P,P,P,G,G,E,G,G,G,G,G
Valencia,1972-73,G,P,E,E,E,G,E,E,P,P,G,P,G,P,G,E,E,P,E,E,G,P,P,P,G,P,G,P,G,E
Barcelona,1972-73,G,G,G,G,G,E,G,P,E,E,G,E,G,P,E,G,G,G,E,E,G,E,P,G,G,P,G,P,G,P
Deportivo,1972-73,P,E,P,G,E,E,G,E,E,P,P,P,G,P,G,P,E,P,P,E,E,G,E,P,E,P,G,P,G,P
Burgos,1972-73,G,P,E,P,E,P,G,P,G,P,E,P,P,P,E,G,P,P,G,P,E,P,G,P,P,G,G,P,P,P
Real Sociedad,1972-73,P,E,G,E,P,G,P,G,P,G,G,G,E,G,P,G,P,G,P,G,P,E,P,P,P,G,E,G,P,P
Castellon,1972-73,P,P,P,E,G,P,P,G,G,E,P,E,G,G,P,G,P,P,G,E,G,E,G,G,P,G,P,G,E,E
Real Madrid,1972-73,G,G,E,P,P,G,E,E,G,G,P,G,G,P,G,P,G,G,P,G,G,E,G,E,E,G,G,E,G,P
Celta de Vigo,1972-73,E,E,P,P,E,G,P,G,P,E,P,P,P,G,E,E,P,P,G,P,G,G,P,G,E,P,P,E,E,G
Espanol,1972-73,E,G,E,G,E,E,E,G,E,G,G,E,P,G,E,P,G,G,P,G,G,G,G,G,P,G,P,G,E,G
Espanol,1973-74,G,P,G,P,E,P,G,P,G,E,P,G,P,G,P,G,P,P,G,P,E,G,E,P,G,E,E,E,G,G
Murcia,1973-74,P,E,E,G,E,G,E,E,E,P,G,P,G,P,P,P,E,G,P,P,P,P,E,P,G,P,E,G,G,P
Real Sociedad,1973-74,P,E,G,E,G,P,G,P,G,P,G,E,G,P,P,E,P,P,G,G,G,E,P,G,E,G,E,G,G,P
Granada,1973-74,G,E,E,G,E,P,P,P,E,P,G,E,G,P,G,P,G,G,G,G,P,E,E,P,E,E,G,P,E,E
Real Madrid,1973-74,E,E,E,P,G,E,E,E,G,P,G,P,G,P,G,E,E,P,P,G,G,P,P,P,G,G,G,P,G,P
Castellon,1973-74,E,G,E,P,E,P,P,P,G,E,E,P,P,E,E,P,G,G,P,P,G,G,P,P,G,E,E,P,E,P
Valencia,1973-74,G,P,G,G,P,G,G,G,P,G,E,E,P,P,P,P,P,G,P,G,E,G,G,E,P,P,P,G,E,G
Oviedo,1973-74,P,G,E,G,P,G,P,E,P,G,P,P,P,P,P,G,G,P,G,G,P,P,E,P,P,E,P,P,P,G
Celta de Vigo,1973-74,G,P,G,E,G,P,P,P,G,E,P,P,P,G,E,G,E,P,G,P,G,P,E,E,G,P,G,G,P,G
Atletico de Bilbao,1973-74,P,G,P,G,E,G,E,P,G,P,G,G,E,G,G,E,G,G,P,P,P,E,G,G,P,P,E,P,G,P
Elche,1973-74,G,P,E,P,G,P,P,E,P,E,P,G,G,G,G,E,P,P,P,P,E,G,P,G,P,G,E,P,P,G
Barcelona,1973-74,P,E,P,G,P,E,G,G,E,G,E,G,G,G,G,G,G,G,G,G,E,G,G,G,E,G,E,G,G,E
Sporting de Gijon,1973-74,P,P,P,P,G,P,G,G,G,P,G,P,G,P,G,P,E,P,G,P,G,G,P,P,G,E,E,P,P,P
Atletico de Madrid,1973-74,G,G,P,G,P,G,P,G,P,E,P,G,E,E,P,G,P,G,G,G,E,G,G,G,E,P,E,G,P,G
Las Palmas,1973-74,G,P,G,P,P,G,P,G,P,G,P,G,P,G,P,G,P,P,P,P,E,P,G,G,P,E,E,G,E,E
CD Malaga,1973-74,P,G,E,E,E,G,E,G,E,G,P,P,P,G,G,P,G,G,G,G,P,E,E,G,P,E,E,G,P,E
Santander,1973-74,E,E,E,P,G,P,G,E,P,E,G,E,P,E,P,G,P,P,P,P,G,P,P,P,G,E,P,E,P,G
Zaragoza,1973-74,E,G,P,E,P,G,G,E,P,G,E,G,G,E,G,P,G,G,P,G,P,P,G,G,P,G,E,P,G,P
Espanol,1974-75,G,E,G,G,G,P,G,P,G,P,E,E,G,P,G,P,P,P,G,E,G,E,P,P,G,P,P,P,G,P
Celta de Vigo,1974-75,P,G,E,P,P,P,E,P,G,P,G,E,E,E,G,E,G,G,E,P,G,P,E,P,G,P,G,P,G,P
Sporting de Gijon,1974-75,G,G,P,P,E,G,P,G,E,E,E,E,P,G,P,G,E,P,E,E,E,P,P,G,P,E,P,G,P,G
Zaragoza,1974-75,P,G,G,E,P,G,P,G,P,G,E,G,P,E,G,E,G,G,E,E,E,G,P,G,P,G,P,E,G,G
Hercules,1974-75,E,P,P,E,E,G,G,P,E,G,P,G,P,E,P,P,G,E,E,E,E,E,E,P,G,E,G,G,E,G
Murcia,1974-75,E,G,P,E,P,G,P,E,P,E,E,P,P,P,G,P,P,E,P,G,P,E,E,E,P,G,P,P,P,P
Las Palmas,1974-75,G,E,E,E,P,P,G,P,G,E,E,P,E,P,P,G,P,P,G,E,G,P,G,P,G,P,G,P,E,P
Betis,1974-75,P,E,E,G,E,P,G,P,G,G,G,P,G,P,G,P,G,G,P,G,P,P,E,E,P,P,G,P,G,P
CD Malaga,1974-75,G,P,P,G,P,P,P,E,P,G,P,G,P,G,P,P,P,P,G,G,E,G,E,E,P,G,G,G,P,E
Atletico de Bilbao,1974-75,P,P,P,E,E,G,P,G,P,P,E,G,G,G,P,P,G,G,E,E,E,E,P,G,P,G,P,G,P,G
Real Sociedad,1974-75,G,P,G,P,E,P,G,P,E,E,E,E,E,E,G,G,G,P,E,P,G,G,G,P,E,E,G,E,E,P
Barcelona,1974-75,P,G,G,G,E,G,E,G,P,G,P,G,P,G,P,E,P,G,P,E,P,E,P,G,P,G,P,G,G,E
Valencia,1974-75,P,P,G,P,G,P,P,G,G,E,E,E,E,G,P,E,G,P,E,E,G,P,G,G,P,E,P,G,P,G
Real Madrid,1974-75,G,G,E,G,G,G,E,G,E,G,E,E,G,P,G,G,E,G,E,G,E,G,G,G,G,G,P,G,E,P
Atletico de Madrid,1974-75,E,P,G,P,G,P,E,E,E,E,G,E,E,G,P,E,P,E,G,P,E,P,G,P,G,E,G,P,E,G
Granada,1974-75,E,E,P,G,E,G,G,E,E,P,E,P,G,P,G,G,E,E,P,E,P,G,P,P,G,P,G,P,P,E
Salamanca,1974-75,G,P,E,E,E,P,G,P,P,P,E,E,E,G,P,G,E,G,G,P,E,E,G,E,G,E,P,E,E,G
Elche,1974-75,P,G,E,P,G,G,P,G,G,P,E,P,G,P,G,E,P,P,P,E,P,G,E,G,E,P,G,E,G,E
Elche,1975-76,P,P,G,P,G,P,P,E,E,P,G,E,E,E,P,E,E,P,E,P,G,P,E,P,E,P,G,P,E,P
Barcelona,1975-76,G,G,P,G,G,P,G,E,E,P,G,E,G,P,G,E,G,G,P,G,P,G,G,P,G,E,G,P,G,P
Espanol,1975-76,G,G,G,P,P,G,P,G,P,G,P,G,P,G,P,G,G,P,G,E,E,G,E,P,P,G,P,G,P,G
Hercules,1975-76,P,G,P,G,G,G,G,E,E,G,P,G,E,G,E,P,E,G,E,P,P,E,E,G,P,E,E,E,P,G
Sporting de Gijon,1975-76,E,E,P,P,P,P,G,P,G,E,P,P,P,E,P,E,P,E,G,P,G,E,G,P,G,P,E,P,E,G
Granada,1975-76,E,G,E,G,P,E,P,E,G,P,E,G,G,P,G,P,E,E,E,E,P,P,P,P,G,P,E,P,G,P
Real Sociedad,1975-76,G,P,P,G,P,E,G,G,E,E,P,E,P,E,P,P,E,P,G,G,E,E,P,E,P,G,G,G,P,G
Betis,1975-76,P,P,G,P,G,G,G,E,E,G,E,P,P,G,E,P,G,G,P,G,P,G,P,G,P,E,P,G,P,G
Real Madrid,1975-76,G,E,G,G,G,E,G,E,E,G,G,E,E,G,P,G,P,P,G,G,G,E,G,G,G,G,P,G,E,G
Santander,1975-76,P,G,G,G,P,E,P,E,E,G,G,P,G,P,G,P,P,G,P,G,P,G,P,G,P,G,P,P,G,P
Sevilla,1975-76,G,P,G,P,G,E,G,P,E,P,E,P,G,P,G,G,E,G,E,P,G,P,G,P,G,P,G,P,G,P
Las Palmas,1975-76,P,G,P,P,P,G,P,E,P,E,P,P,P,G,G,G,P,P,P,E,G,E,G,G,E,G,P,G,P,G
Valencia,1975-76,G,P,P,G,G,P,P,E,G,E,P,G,P,G,P,P,G,P,E,P,P,E,E,G,P,G,E,G,P,E
Oviedo,1975-76,P,E,P,G,P,P,P,E,P,P,P,G,E,P,P,G,P,G,P,G,P,G,E,G,P,G,P,G,P,P
Salamanca,1975-76,G,P,E,P,G,G,P,E,G,E,G,P,E,P,G,E,E,P,G,E,E,P,E,P,G,P,P,P,G,P
Atletico de Bilbao,1975-76,P,G,G,P,G,E,G,E,E,E,G,P,G,P,E,E,E,G,E,P,G,P,G,P,G,E,G,P,G,E
Zaragoza,1975-76,G,P,G,P,P,P,P,P,P,P,E,G,E,G,E,E,E,P,G,P,G,P,P,E,G,P,G,G,E,G
Atletico de Madrid,1975-76,P,E,P,G,P,G,G,G,E,G,G,G,G,E,G,G,G,G,P,G,E,G,P,G,P,P,G,E,G,P
Atletico de Bilbao,1976-77,G,G,E,P,P,P,E,G,E,G,P,E,P,G,P,G,P,E,G,G,G,P,G,G,P,G,E,G,E,G
Santander,1976-77,P,G,P,G,E,G,P,G,P,E,P,G,P,E,E,G,P,E,P,E,P,G,P,E,P,G,P,G,P,G
Sevilla,1976-77,E,G,G,P,E,E,G,P,P,E,E,G,E,E,E,P,E,P,G,P,G,E,G,P,G,E,G,P,P,G
Elche,1976-77,E,E,P,P,E,G,P,P,G,E,G,P,G,P,G,P,G,G,P,G,P,E,E,G,P,P,E,P,E,G
Zaragoza,1976-77,E,P,G,P,G,P,P,P,G,P,E,E,E,P,P,E,E,P,E,P,G,G,G,P,G,E,E,P,G,P
Real Sociedad,1976-77,E,E,P,G,E,P,G,P,G,E,G,E,G,P,G,G,G,G,P,G,P,P,E,P,G,P,E,P,G,P
Atletico de Madrid,1976-77,G,P,G,P,G,G,G,G,G,P,E,E,P,E,G,G,G,E,G,E,G,G,E,E,G,P,G,G,G,P
CD Malaga,1976-77,P,G,E,G,P,E,P,G,P,E,P,E,P,P,P,P,P,E,P,P,P,E,P,P,P,P,P,G,P,P
Barcelona,1976-77,G,P,G,P,G,G,P,E,G,G,E,G,E,G,G,G,G,P,G,E,G,P,P,E,E,E,P,G,G,G
Las Palmas,1976-77,P,G,P,G,P,G,P,G,P,E,E,E,G,P,G,E,G,G,P,G,P,P,G,G,P,G,E,E,P,P
Burgos,1976-77,P,E,G,P,E,P,G,P,E,P,E,P,G,G,P,G,P,P,G,P,G,P,G,G,P,P,G,P,G,G
Espanol,1976-77,G,G,P,G,E,P,G,P,G,E,G,E,G,P,P,P,E,G,E,G,P,G,E,P,E,P,G,P,G,P
Hercules,1976-77,G,P,G,P,G,P,E,E,P,E,E,E,P,G,P,G,P,P,G,E,P,E,G,P,E,G,P,G,P,G
Betis,1976-77,P,P,P,G,E,G,P,G,P,G,E,P,G,G,G,P,P,G,P,G,P,E,E,G,E,G,P,E,G,G
Salamanca,1976-77,P,P,P,G,P,G,P,G,P,E,G,E,P,G,P,E,G,G,G,E,P,G,P,G,G,E,E,G,P,G
Real Madrid,1976-77,G,P,P,G,E,G,G,G,P,E,P,G,P,G,E,P,G,P,P,E,G,E,P,G,E,E,E,G,E,P
Valencia,1976-77,G,E,G,G,E,P,G,P,G,E,G,P,G,E,G,E,P,P,G,P,G,E,P,E,E,G,E,P,P,P
Celta de Vigo,1976-77,P,G,G,P,E,P,G,P,G,E,P,E,E,P,E,P,E,G,P,P,G,E,E,P,G,E,G,P,E,P
Las Palmas,1977-78,E,E,G,E,G,P,G,P,G,P,G,G,P,E,P,G,E,P,E,P,E,G,E,G,E,P,G,P,P,E
Burgos,1977-78,E,P,P,G,P,E,E,P,G,P,G,P,E,P,G,E,E,G,P,G,P,G,E,P,G,E,G,P,G,P
Sevilla,1977-78,G,P,G,P,E,P,G,P,G,P,G,E,G,E,G,E,E,P,E,P,P,G,G,P,E,P,G,P,G,E
Espanol,1977-78,P,G,P,P,G,P,G,P,G,P,E,P,G,P,G,P,G,G,P,P,G,P,G,E,E,E,G,E,P,G
Atletico de Bilbao,1977-78,E,P,E,P,G,E,G,E,G,P,G,P,G,P,G,G,E,E,G,P,G,G,E,P,G,P,G,P,G,E
Betis,1977-78,E,E,E,G,E,E,P,P,P,G,P,G,P,G,P,E,P,E,P,G,G,G,P,P,P,G,P,G,P,E
Atletico de Madrid,1977-78,G,P,E,P,P,G,P,G,P,G,P,G,P,G,P,G,P,E,G,P,G,P,P,G,P,G,G,G,G,P
Valencia,1977-78,P,G,E,G,P,G,P,G,P,G,E,G,P,G,P,E,G,E,G,E,P,P,G,G,E,G,P,G,G,G
Barcelona,1977-78,G,E,E,G,G,G,P,G,P,G,E,P,E,G,G,E,P,G,G,G,P,E,E,G,E,G,P,E,P,G
Real Sociedad,1977-78,P,G,P,G,P,G,E,G,P,P,P,E,G,E,G,P,G,P,P,G,E,E,E,G,E,E,P,G,P,G
Cadiz,1977-78,G,P,G,P,P,P,P,E,E,G,P,E,P,G,P,E,E,P,P,P,P,E,G,G,P,E,P,P,P,P
Rayo Vallecano,1977-78,P,G,E,E,P,G,P,G,P,G,P,G,G,E,G,E,G,G,P,G,E,E,P,E,P,E,E,P,P,P
Hercules,1977-78,G,P,E,P,G,E,G,P,E,P,P,P,P,E,P,P,E,P,E,P,G,E,G,P,G,E,G,G,G,G
Sporting de Gijon,1977-78,P,E,G,G,P,P,E,E,G,P,E,E,G,P,G,E,G,G,E,G,G,G,P,G,P,G,E,P,G,E
Santander,1977-78,G,P,E,P,E,P,G,E,P,G,P,P,P,G,P,E,P,P,G,E,E,P,E,P,G,G,P,G,P,E
Elche,1977-78,P,G,P,G,E,G,P,G,P,G,G,P,P,P,P,P,E,G,E,G,P,P,P,G,P,P,P,G,P,P
Salamanca,1977-78,G,G,P,P,G,P,E,G,G,P,G,G,G,E,P,E,P,E,G,P,G,E,P,P,G,P,P,G,G,P
Real Madrid,1977-78,P,G,G,G,G,G,G,P,G,G,G,G,G,P,G,G,E,E,E,G,P,P,G,P,G,P,G,P,G,G
Atletico de Bilbao,1978-79,G,E,G,E,G,P,G,E,G,P,P,G,P,G,P,E,P,P,P,E,G,P,E,P,G,G,P,G,E,E
Rayo Vallecano,1978-79,P,E,E,G,P,P,P,G,P,G,G,P,P,E,E,P,E,G,E,E,P,G,E,G,P,P,P,P,G,E
Sporting de Gijon,1978-79,G,P,G,P,G,E,G,P,G,P,G,E,G,G,G,E,G,E,E,G,G,P,G,G,G,E,P,P,G,E
Atletico de Madrid,1978-79,P,G,G,P,E,G,E,E,G,E,E,G,E,P,P,G,G,E,E,P,G,G,E,E,G,P,G,E,E,P
Las Palmas,1978-79,G,G,G,P,E,P,P,E,E,G,G,E,E,G,P,G,E,G,P,P,G,E,G,G,P,G,G,E,P,G
Sevilla,1978-79,P,E,E,G,E,E,E,G,P,G,P,G,G,P,G,E,E,P,G,E,P,G,P,E,P,G,P,G,P,G
Barcelona,1978-79,G,P,G,P,G,G,P,G,E,G,P,P,G,G,P,G,E,P,E,P,G,G,P,G,P,G,P,G,E,G
Santander,1978-79,P,P,P,E,P,G,P,E,G,G,P,G,P,P,G,P,E,G,G,E,P,G,P,P,P,P,P,G,P,P
Burgos,1978-79,E,E,E,E,E,E,E,P,E,G,P,G,P,P,G,G,P,P,E,E,G,P,G,P,G,P,G,E,G,G
Real Sociedad,1978-79,E,P,P,G,E,G,P,G,G,P,G,P,G,P,G,P,G,G,G,G,P,P,P,G,E,G,G,P,G,G
Celta de Vigo,1978-79,P,P,G,P,E,P,E,P,E,P,P,P,G,G,P,E,P,E,G,P,G,P,G,P,E,P,G,E,E,P
Espanol,1978-79,G,G,P,G,G,P,G,P,P,P,G,E,P,P,G,P,G,E,E,G,E,P,G,P,G,G,G,P,E,P
Hercules,1978-79,G,P,P,P,P,G,G,P,P,P,G,P,G,G,G,G,P,P,E,E,E,P,G,P,E,P,G,E,G,P
Salamanca,1978-79,P,E,P,G,P,E,G,G,P,E,P,G,P,E,P,G,E,G,P,G,P,G,P,G,E,E,P,G,P,P
Recreativo de Huel,1978-79,G,G,E,P,G,P,P,P,E,P,G,P,P,P,P,P,P,E,P,E,G,P,G,P,P,P,P,P,P,G
Zaragoza,1978-79,P,G,P,G,P,P,G,P,G,P,G,P,G,P,G,E,G,E,P,P,P,G,P,P,G,P,G,P,G,P
Real Madrid,1978-79,G,E,G,G,E,G,E,G,E,G,E,E,P,G,E,E,E,G,G,E,P,E,E,G,G,G,G,E,E,G
Valencia,1978-79,P,G,P,E,E,G,E,G,P,G,P,G,G,G,P,P,E,P,E,G,P,G,P,G,P,G,P,G,P,E
Betis,1979-80,P,P,E,P,E,P,P,E,E,G,E,G,P,E,P,E,E,G,G,E,G,G,E,G,E,G,P,G,P,G
Rayo Vallecano,1979-80,G,P,P,E,E,P,E,G,E,G,P,G,P,E,E,E,P,P,P,P,P,G,P,G,G,E,P,G,P,G
Espanol,1979-80,G,G,G,P,E,E,E,P,E,P,P,P,E,E,G,G,E,E,E,E,G,P,P,P,P,P,E,P,E,G
AD Almeria,1979-80,P,G,E,E,P,E,P,E,P,G,P,G,P,G,E,E,P,E,E,E,P,G,P,G,P,G,E,P,G,P
Sporting de Gijon,1979-80,G,G,G,G,G,G,G,E,P,P,E,G,P,E,P,G,G,P,E,P,G,P,G,E,G,P,G,P,E,P
Sevilla,1979-80,P,G,P,G,E,P,G,P,E,E,G,P,G,P,G,P,G,G,P,G,P,P,P,P,G,E,G,E,G,P
Real Sociedad,1979-80,G,G,E,E,G,E,G,E,G,G,G,E,G,E,E,G,E,E,G,E,G,E,G,G,E,E,G,G,E,G
Las Palmas,1979-80,P,G,P,G,P,G,E,G,E,P,G,P,G,P,G,P,G,E,P,G,E,E,G,G,G,P,G,P,P,P
Burgos,1979-80,G,P,E,P,E,P,E,P,G,P,E,P,G,E,E,P,E,P,G,P,E,P,E,P,E,P,P,P,P,G
CD Malaga,1979-80,P,P,G,E,G,P,G,P,E,P,E,P,P,P,E,P,P,G,E,P,G,E,G,P,P,P,P,G,P,P
Hercules,1979-80,P,P,G,E,E,P,G,P,E,P,G,E,E,E,E,G,P,P,G,P,E,P,E,P,G,P,E,P,E,P
Atletico de Madrid,1979-80,G,P,E,E,E,E,E,P,P,P,G,P,G,E,E,E,E,G,E,G,P,G,G,P,P,P,G,P,G,E
Real Madrid,1979-80,G,G,G,E,G,G,E,G,P,G,E,G,G,G,E,G,P,P,G,G,G,G,E,G,E,E,E,G,G,G
Valencia,1979-80,P,E,E,E,P,G,P,G,G,G,P,G,G,P,E,E,E,G,E,E,E,G,E,G,P,G,P,G,E,P
Salamanca,1979-80,G,E,G,E,G,G,G,P,E,P,P,P,P,G,P,E,P,P,E,G,E,P,P,P,E,G,P,G,E,P
Atletico de Bilbao,1979-80,P,P,P,P,E,G,P,G,E,G,G,P,G,P,G,E,G,G,P,G,P,G,P,G,G,G,E,P,G,P
Zaragoza,1979-80,E,P,P,G,P,P,P,G,G,G,E,G,P,G,P,E,G,P,E,E,P,P,G,P,P,G,G,G,P,E
Barcelona,1979-80,E,G,P,E,P,G,P,G,E,E,P,G,P,G,E,P,G,G,P,P,E,E,E,E,E,G,P,G,G,G
Espanol,1980-81,G,P,G,P,G,P,G,G,E,E,P,G,P,E,P,E,G,P,G,P,E,G,E,P,G,P,G,G,G,P
Hercules,1980-81,P,E,G,E,E,G,P,P,P,G,E,P,E,G,P,E,G,G,P,E,G,P,E,P,P,P,G,E,P,P
Sporting de Gijon,1980-81,G,E,G,E,E,P,G,E,E,P,G,P,E,E,P,G,G,P,G,P,G,E,G,G,G,E,G,P,P,G
Betis,1980-81,P,P,G,G,E,P,G,G,G,P,E,P,G,P,G,P,P,G,E,E,G,G,G,G,E,P,G,P,E,G
Sevilla,1980-81,G,P,G,G,G,P,P,G,E,G,P,G,G,E,P,E,P,E,E,P,G,E,G,E,E,G,P,G,P,G
Salamanca,1980-81,P,P,P,E,P,P,E,P,P,P,P,E,G,P,G,P,G,E,E,G,P,P,E,P,P,G,P,G,E,P
Valencia,1980-81,G,G,P,G,G,E,G,P,G,P,G,G,G,E,P,G,G,P,E,E,E,G,G,P,E,P,E,P,G,G
Real Sociedad,1980-81,P,G,G,E,E,P,G,G,G,P,G,P,G,E,G,E,P,G,G,G,P,P,E,P,G,G,G,E,G,G
AD Almeria,1980-81,P,E,P,E,P,E,P,E,P,E,P,G,P,P,P,G,P,P,E,G,P,E,P,G,P,G,P,P,P,P
Real Madrid,1980-81,G,G,P,G,P,G,P,G,P,G,E,G,P,G,E,P,E,G,E,G,E,P,P,G,G,G,P,G,G,G
Atletico de Bilbao,1980-81,P,P,G,E,P,G,P,P,E,G,P,P,P,G,G,G,P,G,E,E,G,G,P,G,P,E,E,E,G,P
Zaragoza,1980-81,G,G,G,G,E,E,P,P,P,G,E,P,P,P,E,E,G,P,E,P,E,E,P,G,P,P,P,E,E,G
Atletico de Madrid,1980-81,G,E,G,E,G,G,G,G,G,P,G,E,E,G,G,G,E,G,E,P,G,P,P,E,G,G,G,P,E,P
Valladolid,1980-81,P,E,P,P,E,G,P,G,P,G,P,G,E,E,P,E,E,P,E,E,P,G,E,P,E,G,G,E,E,G
Murcia,1980-81,P,G,P,P,E,E,G,P,P,E,P,P,P,P,P,G,P,P,E,G,E,P,G,P,E,P,P,G,P,G
Barcelona,1980-81,G,G,P,P,P,G,P,P,G,G,G,G,G,E,G,P,G,G,P,G,E,G,G,G,E,G,P,P,E,P
Osasuna,1980-81,G,P,P,E,G,G,G,P,G,E,G,P,G,E,G,P,E,P,P,E,P,P,E,P,P,P,G,E,G,P
Las Palmas,1980-81,P,E,P,P,E,P,E,G,G,P,G,G,P,G,G,P,P,G,E,P,P,G,P,G,G,P,P,G,P,P
Atletico de Madrid,1981-82,G,P,G,P,G,P,G,P,E,P,P,P,G,G,P,G,G,P,P,P,G,G,E,P,P,P,G,G,P,G
Atletico de Bilbao,1981-82,P,G,P,P,P,G,G,G,P,P,G,P,G,G,E,G,E,G,P,G,G,G,P,G,P,E,G,P,G,G
Barcelona,1981-82,G,P,G,G,G,G,E,G,P,G,E,G,G,G,E,G,P,P,G,E,G,G,G,G,G,G,E,G,P,P
Cadiz,1981-82,P,G,P,G,P,G,P,E,P,G,P,G,P,E,P,P,G,G,P,G,P,G,P,G,P,E,P,G,P,P
Castellon,1981-82,E,P,P,P,P,P,P,P,E,G,P,P,P,P,P,E,P,G,P,E,P,E,P,G,P,P,P,P,P,E
Las Palmas,1981-82,E,G,P,E,P,G,P,P,P,G,G,G,P,G,G,P,E,P,P,E,P,P,E,G,P,G,P,E,P,G
Hercules,1981-82,G,P,G,P,G,P,G,E,E,P,P,P,P,G,P,P,P,G,P,P,P,G,G,P,G,G,E,P,G,P
Espanol,1981-82,P,P,E,G,P,P,G,P,G,P,G,G,P,P,G,P,G,P,E,G,G,P,G,E,P,E,G,P,G,G
Santander,1981-82,G,P,G,P,G,P,E,P,E,G,G,P,P,G,P,P,P,E,G,E,G,E,P,G,E,G,P,G,P,E
Betis,1981-82,P,P,P,G,P,G,P,G,G,G,P,G,G,P,G,E,G,E,P,G,E,P,E,P,G,G,P,E,P,G
Real Sociedad,1981-82,G,G,G,E,G,G,E,G,P,G,E,G,P,G,P,G,E,E,G,P,G,G,G,P,E,G,P,G,P,G
Real Madrid,1981-82,P,G,E,G,E,G,P,G,G,G,G,P,G,G,G,P,G,E,G,G,G,G,P,E,P,E,E,E,G,P
Sevilla,1981-82,P,P,E,P,G,P,E,G,G,P,E,G,P,P,G,G,P,P,G,P,E,P,E,G,G,P,G,P,G,G
Osasuna,1981-82,G,G,E,G,G,E,P,P,P,P,P,P,G,P,G,P,P,G,G,G,P,G,P,P,G,P,G,E,E,E
Valladolid,1981-82,G,P,G,P,P,E,E,P,G,P,G,P,G,E,G,G,P,E,E,E,P,P,G,P,G,P,E,P,G,P
Sporting de Gijon,1981-82,P,G,P,G,P,G,E,E,E,G,P,G,P,P,P,G,E,E,G,E,P,P,E,P,P,P,P,G,E,P
Zaragoza,1981-82,G,G,E,G,E,P,G,G,E,P,E,G,G,P,P,G,G,P,E,P,P,P,E,P,G,G,G,P,G,P
Valencia,1981-82,P,G,E,P,G,P,G,E,G,P,G,P,G,P,G,P,G,G,E,P,G,P,G,G,G,P,G,G,G,E
Espanol,1982-83,G,P,P,E,E,P,G,E,G,P,G,P,G,P,G,G,P,G,E,P,G,E,P,P,G,P,G,P,E,P
Santander,1982-83,P,E,P,E,E,P,G,P,P,P,G,P,G,P,E,P,G,P,P,G,P,P,E,P,P,G,P,P,G,P
CD Malaga,1982-83,E,E,P,E,G,P,P,P,G,P,G,E,E,P,P,P,G,P,G,P,G,E,G,P,E,G,G,E,E,E
Sporting de Gijon,1982-83,E,E,G,G,E,E,E,E,E,E,G,E,E,P,G,P,G,G,E,P,G,P,E,P,E,P,G,P,E,P
Real Sociedad,1982-83,E,E,G,E,G,E,G,E,E,G,E,P,G,P,P,E,P,P,E,G,G,P,G,E,G,P,G,E,E,P
Las Palmas,1982-83,E,G,E,E,P,G,P,E,P,E,P,G,P,E,P,G,P,G,E,E,P,E,E,P,P,P,P,G,E,G
Valencia,1982-83,G,P,E,P,P,E,P,P,P,G,P,E,P,G,P,P,P,P,P,E,E,G,P,G,P,G,P,E,E,G
Barcelona,1982-83,P,G,E,E,E,G,G,E,G,G,E,E,G,G,P,P,G,G,G,G,E,G,G,G,E,P,E,E,G,G
Atletico de Madrid,1982-83,G,G,G,P,E,P,G,P,G,G,E,P,P,G,G,G,P,G,E,G,E,P,E,G,G,P,G,E,G,G
Salamanca,1982-83,P,G,G,P,E,E,G,P,E,P,P,P,G,P,G,E,G,P,E,G,P,G,P,E,G,P,E,P,E,P
Osasuna,1982-83,E,P,P,G,E,P,P,G,P,G,P,G,P,E,P,G,P,P,E,P,E,E,P,P,P,G,P,G,P,G
Atletico de Bilbao,1982-83,E,G,G,G,P,G,P,G,E,G,G,G,G,P,G,E,G,G,G,E,P,G,E,G,E,G,G,G,P,G
Sevilla,1982-83,G,P,E,P,G,G,G,G,E,P,E,G,E,G,E,E,G,P,E,P,G,E,G,P,G,G,P,E,E,E
Celta de Vigo,1982-83,P,P,P,E,P,E,P,G,G,P,P,E,P,E,G,G,G,G,P,P,P,E,E,G,P,P,P,P,P,P
Valladolid,1982-83,E,P,P,E,E,E,P,P,P,P,P,E,E,G,P,G,P,P,P,E,G,E,G,E,P,G,P,G,E,G
Real Madrid,1982-83,E,G,G,G,E,G,E,G,E,G,G,G,P,G,G,P,G,G,E,G,E,E,P,G,G,G,E,G,E,P
Zaragoza,1982-83,G,G,P,E,G,P,G,G,G,G,E,G,P,G,P,G,P,E,G,P,E,P,E,G,G,P,G,E,P,G
Betis,1982-83,P,P,G,E,E,G,P,E,P,P,E,P,G,E,G,P,P,E,E,G,P,G,E,E,P,G,E,E,G,P
Espanol,1983-84,P,P,G,P,G,P,G,E,E,E,E,G,G,E,G,G,P,P,G,P,E,E,P,E,E,E,E,P,E,G
Atletico de Madrid,1983-84,G,G,G,G,E,E,P,G,P,G,P,P,P,G,E,G,P,G,G,G,E,G,E,E,G,G,P,G,G,G
Sporting de Gijon,1983-84,E,P,G,P,E,P,G,E,G,G,E,P,P,G,P,G,P,G,P,G,E,G,E,E,G,P,P,P,E,P
Valencia,1983-84,E,G,G,G,P,G,G,P,P,P,P,G,G,P,E,P,E,P,P,E,P,E,G,P,E,G,G,E,P,P
Murcia,1983-84,G,G,E,E,E,E,E,P,G,P,E,G,P,P,P,G,E,E,G,P,G,P,E,P,G,E,P,G,E,P
Real Sociedad,1983-84,P,G,P,P,E,P,P,E,G,P,G,E,G,G,G,P,P,E,G,G,E,G,E,G,E,E,G,E,P,P
Mallorca,1983-84,E,E,P,P,E,P,P,E,P,P,P,P,P,E,E,G,P,E,E,E,E,E,G,E,P,E,G,E,P,P
Zaragoza,1983-84,E,P,E,G,P,G,P,G,G,G,G,P,G,E,E,P,G,E,P,G,E,E,P,G,G,P,P,P,E,E
Osasuna,1983-84,E,P,P,P,P,G,P,G,P,G,P,G,G,G,P,G,P,P,G,P,G,E,P,E,P,G,G,E,P,E
Salamanca,1983-84,E,E,P,E,E,E,P,P,P,G,P,G,P,E,P,P,G,G,E,P,P,P,P,P,P,G,P,E,P,E
Real Madrid,1983-84,G,P,P,G,G,P,G,G,G,P,G,G,E,G,G,G,G,P,G,E,E,G,G,G,G,P,E,E,G,P
Betis,1983-84,P,G,G,P,E,E,G,G,E,P,G,P,G,P,G,P,G,G,P,E,G,P,G,P,G,P,G,P,G,G
Sevilla,1983-84,G,P,P,G,E,G,E,E,E,G,P,E,P,P,G,G,P,P,P,G,P,E,P,G,P,G,E,G,P,G
Barcelona,1983-84,P,G,G,G,E,G,P,P,E,G,G,E,E,E,G,P,G,G,P,E,G,G,E,G,P,G,G,E,G,G
Valladolid,1983-84,E,P,G,P,G,E,G,P,E,P,G,P,G,P,P,P,P,P,G,P,G,E,G,P,P,P,P,E,E,G
CD Malaga,1983-84,E,G,P,G,G,G,E,P,G,P,G,E,P,E,E,P,G,G,P,E,E,E,E,E,P,P,P,P,G,E
Atletico de Bilbao,1983-84,G,G,G,P,E,P,G,E,E,G,E,G,E,G,E,G,G,G,G,G,P,P,G,E,G,E,G,G,E,G
Cadiz,1983-84,P,P,P,G,P,E,E,G,P,E,P,P,E,P,P,P,G,P,P,P,P,P,P,E,E,E,E,G,G,P
Atletico de Bilbao,1984-85,E,P,G,G,P,E,P,E,G,E,E,E,E,E,E,G,E,E,E,G,P,P,E,G,P,G,G,G,G,G
Valladolid,1984-85,E,G,P,E,E,P,E,P,E,E,E,E,P,G,G,P,P,E,P,E,E,E,E,G,P,E,G,G,P,P
Elche,1984-85,P,P,E,P,E,G,G,E,P,P,P,E,P,E,P,E,P,E,G,P,E,E,E,P,G,P,E,P,E,G
Valencia,1984-85,G,G,P,P,G,G,E,E,G,E,E,E,E,E,E,P,G,E,P,E,G,E,P,E,G,P,P,P,P,P
Espanol,1984-85,E,P,E,P,E,P,G,E,G,P,G,E,P,E,P,P,P,E,G,E,E,E,E,P,G,G,G,G,G,G
Atletico de Madrid,1984-85,E,G,G,G,P,G,G,E,P,P,E,E,G,E,P,E,G,E,E,G,G,G,G,G,P,E,E,G,G,G
Betis,1984-85,E,G,P,G,P,E,E,E,P,E,G,E,G,E,G,G,P,G,P,P,P,P,G,P,P,P,P,P,P,P
Real Sociedad,1984-85,E,P,G,P,G,P,E,E,E,G,E,E,G,E,G,G,P,P,G,E,P,E,G,P,E,E,G,P,P,G
CD Malaga,1984-85,P,G,P,P,G,P,E,E,G,E,P,E,E,E,G,G,G,P,P,P,E,P,G,E,E,E,E,P,E,P
Sevilla,1984-85,G,G,P,G,E,G,P,E,G,P,E,E,E,E,P,P,G,G,E,E,G,E,P,P,P,G,P,P,P,G
Osasuna,1984-85,G,P,G,E,E,P,G,G,P,P,P,P,G,E,P,P,G,E,E,E,G,P,P,G,G,P,E,G,G,P
Murcia,1984-85,P,P,P,G,P,P,E,P,P,E,E,E,P,E,P,E,G,E,G,E,E,E,P,P,P,P,P,P,G,P
Santander,1984-85,G,P,G,P,P,G,P,E,P,G,E,E,P,E,E,G,P,E,G,E,G,E,P,G,E,P,E,G,G,P
Sporting de Gijon,1984-85,P,E,P,G,E,G,E,E,G,G,E,E,E,E,P,G,E,E,E,P,E,G,E,G,G,G,E,G,G,G
Real Madrid,1984-85,P,E,G,P,G,E,G,E,G,G,P,G,G,E,G,G,E,P,E,E,P,E,E,P,E,G,P,G,P,G
Barcelona,1984-85,G,G,E,G,G,G,E,E,G,E,G,G,G,E,G,P,G,G,G,G,E,G,G,G,E,E,G,G,P,G
Zaragoza,1984-85,P,P,G,E,G,P,P,E,P,G,G,E,P,E,G,E,P,E,P,G,E,G,G,G,E,E,E,P,P,P
Hercules,1984-85,G,G,E,E,P,E,P,G,P,E,E,P,E,P,E,P,E,E,P,E,P,E,P,P,G,G,E,P,G,P
Espanol,1985-86,G,P,P,P,E,P,G,E,P,G,P,P,P,G,E,G,E,E,G,P,G,E,E,P,G,G,E,P,P,P
Cadiz,1985-86,P,G,P,G,E,E,P,G,P,G,G,P,G,E,G,P,P,E,P,P,P,G,P,P,E,P,E,P,P,G
Las Palmas,1985-86,P,E,P,P,G,P,G,P,G,P,G,P,E,P,P,E,G,P,E,P,P,E,G,E,G,P,E,E,G,P
Sporting de Gijon,1985-86,G,E,E,G,E,G,E,E,G,G,E,G,P,E,G,P,E,G,P,E,E,E,G,E,E,P,P,G,G,E
Osasuna,1985-86,P,P,G,E,E,P,P,P,P,P,G,E,G,P,G,P,P,P,E,E,P,P,G,P,G,G,P,P,G,G
Atletico de Bilbao,1985-86,G,E,G,G,G,E,E,P,G,P,G,P,E,P,G,G,E,G,E,E,G,P,G,G,P,G,G,P,G,G
Real Sociedad,1985-86,E,E,G,E,P,G,P,G,P,G,P,G,P,P,P,G,P,G,G,G,G,G,E,E,P,P,G,G,P,G
Celta de Vigo,1985-86,E,P,P,G,P,P,P,G,P,P,P,P,P,G,P,E,E,P,P,G,P,P,P,P,P,P,P,P,E,P
Valencia,1985-86,G,P,G,P,G,E,P,E,E,G,P,E,E,P,P,P,G,E,P,P,E,P,P,E,P,P,P,E,P,P
Valladolid,1985-86,P,G,E,E,G,G,E,G,P,E,P,G,G,P,P,P,G,E,P,G,P,G,P,P,P,G,P,G,P,P
Atletico de Madrid,1985-86,G,E,G,P,P,P,G,E,G,E,G,G,G,E,G,G,E,P,G,P,G,P,P,G,E,G,G,E,G,P
Sevilla,1985-86,P,G,P,G,E,E,G,P,E,G,E,P,G,G,E,P,E,G,E,E,G,P,E,G,G,P,G,P,G,P
Betis,1985-86,E,G,E,E,P,E,P,E,E,E,P,G,P,G,G,G,P,P,G,E,P,E,G,G,E,P,P,G,P,G
Real Madrid,1985-86,E,G,G,G,E,G,G,G,E,G,P,G,P,G,G,G,G,G,G,G,E,G,G,G,G,G,G,G,G,G
Santander,1985-86,E,P,E,P,G,P,G,E,E,P,P,P,P,G,P,G,P,P,G,P,E,G,P,E,E,G,E,E,P,G
Barcelona,1985-86,E,G,P,E,P,E,G,G,G,E,G,G,G,G,P,G,E,G,G,G,G,G,E,G,P,G,G,P,E,E
Zaragoza,1985-86,G,P,G,E,E,G,E,P,E,P,G,G,E,E,P,P,E,E,P,G,G,P,G,E,G,G,G,G,G,G
Hercules,1985-86,P,E,P,P,E,G,P,P,G,P,G,P,G,P,G,P,G,E,P,E,P,G,P,P,E,P,P,G,P,P
Barcelona,1986-87,G,E,G,E,G,E,G,E,G,P,G,E,E,G,G,G,E,E,G,G,G,E,G,E,G,E,G,E,P,P
Santander,1986-87,P,E,P,P,G,P,G,P,E,P,E,P,P,P,G,E,E,E,G,P,G,E,G,G,E,P,P,P,G,P
Sporting de Gijon,1986-87,G,P,E,E,G,G,P,G,P,P,G,E,G,E,P,G,P,E,G,E,P,P,P,E,E,G,P,G,G,G
Atletico de Bilbao,1986-87,P,G,E,E,G,E,P,G,P,G,P,G,G,G,G,P,G,E,E,E,P,G,P,P,E,E,E,P,P,P
Las Palmas,1986-87,G,E,G,P,E,P,P,E,P,G,P,G,P,G,P,G,P,P,P,P,E,G,G,E,P,P,P,E,P,G
Valladolid,1986-87,P,G,E,G,G,E,P,G,P,E,P,G,P,E,E,P,G,G,P,E,P,G,P,E,E,P,E,G,P,G
Atletico de Madrid,1986-87,E,E,G,P,E,G,G,G,G,P,E,P,G,E,G,E,E,P,P,P,G,P,G,E,E,P,P,P,G,G
Espanol,1986-87,E,G,P,E,E,G,E,G,P,G,E,G,E,G,P,G,P,G,G,G,G,G,P,E,P,E,G,G,G,G
Betis,1986-87,G,G,E,P,P,P,G,E,G,G,E,G,P,P,P,G,E,E,E,E,G,P,G,P,G,P,P,G,P,E
Sabadell,1986-87,P,E,E,E,P,P,P,P,E,P,G,P,E,P,G,P,G,E,P,G,P,E,P,G,E,G,E,P,P,P
Murcia,1986-87,P,P,P,G,P,P,P,P,E,G,E,G,G,G,P,G,P,P,P,G,E,G,E,G,E,E,P,G,P,G
Real Madrid,1986-87,G,E,E,G,G,G,P,E,E,G,E,G,G,P,E,E,G,G,G,E,E,G,G,G,P,G,P,G,G,G
Osasuna,1986-87,E,E,E,E,P,E,G,P,E,P,P,P,G,P,P,P,E,E,G,P,E,P,G,P,G,E,G,P,G,E
Mallorca,1986-87,E,E,G,G,P,G,E,P,G,P,E,P,G,E,G,P,G,E,P,G,P,P,G,P,E,G,G,P,G,P
Real Sociedad,1986-87,G,E,P,E,P,P,E,G,G,G,G,P,P,G,P,E,P,P,G,E,G,P,P,E,E,G,G,P,G,P
Cadiz,1986-87,P,E,P,G,G,P,G,E,G,E,E,P,P,P,G,P,E,G,P,P,P,G,P,P,G,E,E,P,P,P
Zaragoza,1986-87,G,P,E,P,E,G,G,P,P,P,P,G,E,G,P,G,P,P,E,E,E,P,E,E,E,G,G,G,P,G
Sevilla,1986-87,P,P,G,E,P,G,E,E,E,G,G,P,P,P,G,P,G,G,E,E,E,E,P,G,P,P,G,G,G,P
Atletico de Bilbao,1987-88,G,E,G,E,G,G,P,P,E,E,E,P,G,E,G,G,E,G,P,G,G,P,G,G,P,G,G,P,E,E
Mallorca,1987-88,P,E,P,P,G,E,G,E,E,P,P,P,G,P,G,G,G,P,P,P,P,G,E,P,E,P,G,E,E,P
Espanol,1987-88,P,P,G,G,P,P,P,G,G,E,P,E,E,G,P,P,E,G,P,P,G,P,G,P,G,P,P,E,E,G
Celta de Vigo,1987-88,G,E,P,G,E,E,E,G,G,P,G,P,E,P,P,E,G,P,G,G,P,G,P,G,E,E,G,P,G,P
Sporting de Gijon,1987-88,E,P,P,G,E,G,P,P,E,E,G,G,P,G,G,G,P,E,P,P,P,G,P,G,P,E,G,E,E,G
Valladolid,1987-88,E,E,P,E,P,G,G,G,P,E,G,G,E,G,G,G,P,P,P,G,E,G,P,E,P,G,P,E,E,G
Valencia,1987-88,G,E,G,G,G,P,P,P,E,E,G,P,E,P,P,P,P,G,G,P,G,P,E,E,P,P,E,E,P,E
Logrones,1987-88,P,E,P,E,P,P,E,E,P,G,E,P,P,P,G,P,E,P,G,G,P,P,G,G,E,E,G,P,G,P
Atletico de Madrid,1987-88,G,E,G,P,G,G,G,E,G,G,P,E,G,G,P,G,G,P,G,E,G,G,G,E,P,E,P,E,P,P
Sabadell,1987-88,P,P,G,E,E,P,P,P,P,E,P,P,P,E,G,P,E,P,G,E,P,P,P,P,G,E,E,P,E,P
Cadiz,1987-88,P,G,G,G,P,G,E,P,G,P,G,P,E,E,G,P,E,G,P,P,G,P,E,E,E,E,P,P,G,P
Real Madrid,1987-88,G,G,G,G,G,G,G,G,E,P,G,G,G,G,P,G,E,G,G,G,G,G,P,G,E,G,E,G,G,G
Las Palmas,1987-88,P,P,G,E,P,P,G,P,P,P,G,G,P,P,P,P,E,G,E,E,G,P,G,P,G,G,P,G,P,P
Barcelona,1987-88,G,P,P,P,P,P,G,E,G,G,G,G,G,P,P,P,G,E,P,E,E,G,E,P,G,E,P,G,P,P
Osasuna,1987-88,G,E,G,P,E,P,E,G,G,E,P,G,P,E,P,G,P,G,G,P,P,P,G,P,G,E,G,P,E,E
Murcia,1987-88,P,G,G,P,P,P,P,G,E,P,P,G,P,E,P,P,E,E,E,G,P,G,P,E,G,E,E,E,P,G
Sevilla,1987-88,P,G,P,G,G,P,G,P,P,G,P,E,E,E,G,G,P,G,P,G,E,P,G,E,E,E,E,G,G,G
Betis,1987-88,G,G,P,E,P,G,P,E,P,G,P,P,P,P,G,P,G,P,E,P,P,G,P,E,P,G,P,G,P,G
Zaragoza,1987-88,G,E,P,P,G,G,P,G,P,E,E,E,G,G,P,E,P,E,E,P,E,P,G,E,P,P,E,E,G,E
Real Sociedad,1987-88,P,E,P,P,G,G,G,E,G,G,E,G,G,G,G,G,G,P,G,G,G,G,P,G,G,P,G,G,E,G
Atletico de Bilbao,1988-89,G,G,G,E,G,P,P,P,P,P,E,E,E,P,G,G,E,E,G,E,E,E,G,P,G,E,E,G,P,P
Sevilla,1988-89,P,G,G,E,E,E,G,P,G,E,G,G,E,E,P,G,P,P,P,E,E,P,E,P,E,G,G,G,G,P
Barcelona,1988-89,G,G,E,E,G,G,G,P,G,E,G,G,G,G,P,G,G,G,E,E,G,E,P,G,G,G,E,E,E,G
Espanol,1988-89,P,G,E,G,P,E,P,P,P,P,E,E,E,P,E,P,P,E,P,E,P,E,E,G,E,G,E,P,G,E
Logrones,1988-89,G,G,G,P,G,E,E,P,E,E,P,E,E,P,E,E,E,P,G,P,G,P,E,G,P,E,G,E,G,P
Atletico de Madrid,1988-89,P,P,P,E,G,G,G,G,G,P,E,G,G,P,G,P,E,G,E,G,E,G,P,P,G,P,G,P,G,E
Oviedo,1988-89,G,P,P,E,P,E,E,E,P,G,P,G,G,G,G,E,G,P,P,E,E,P,G,P,G,P,P,P,P,P
Real Sociedad,1988-89,P,G,E,G,P,P,G,G,E,G,P,P,E,E,E,P,G,G,P,E,E,E,E,G,P,P,E,E,G,G
Betis,1988-89,P,P,G,P,P,P,P,G,E,E,E,P,P,E,E,E,E,E,P,E,E,G,P,G,P,P,G,G,P,G
Sporting de Gijon,1988-89,G,E,E,G,P,P,P,G,G,E,E,G,P,G,E,E,P,G,G,E,P,P,G,P,G,P,P,P,P,E
Celta de Vigo,1988-89,G,E,E,G,G,P,G,P,E,P,E,G,P,G,P,P,G,G,E,E,G,E,G,P,G,G,E,P,G,P
Cadiz,1988-89,P,P,P,E,P,E,P,G,G,G,E,P,E,E,P,E,P,G,P,E,P,E,E,G,P,G,E,E,E,G
Murcia,1988-89,G,P,P,P,G,G,P,P,P,P,G,P,P,P,E,P,E,E,G,G,G,P,P,P,P,G,P,P,P,P
CD Malaga,1988-89,P,E,P,E,E,P,G,E,G,G,P,P,G,E,E,P,P,P,E,P,P,G,P,G,P,P,G,G,G,P
Real Madrid,1988-89,E,E,E,G,G,G,G,G,G,G,G,E,E,G,G,G,G,G,E,E,G,E,G,G,G,G,E,G,P,G
Osasuna,1988-89,E,G,P,E,P,G,E,G,P,G,E,G,E,E,P,E,P,G,G,E,G,P,G,G,P,E,E,P,P,P
Valladolid,1988-89,G,P,G,P,G,G,P,P,G,E,P,P,E,G,G,E,G,P,G,P,E,G,P,P,G,P,G,G,E,G
Elche,1988-89,P,P,G,P,P,G,P,P,P,P,E,P,P,E,E,E,P,P,P,G,P,G,P,P,P,P,P,E,P,E
Zaragoza,1988-89,E,P,E,P,G,P,E,G,P,G,E,E,E,E,P,G,G,P,G,E,P,G,E,P,P,G,P,E,G,G
Valencia,1988-89,E,G,E,G,P,E,G,G,P,P,G,E,G,P,G,G,E,P,E,E,E,E,G,G,G,E,P,G,E,G
Atletico de Bilbao,1989-90,G,E,G,P,E,G,E,P,G,P,P,G,P,E,P,G,P,P,E,E,E,E,G,P,G,E,G,G,E,E
Real Sociedad,1989-90,P,G,P,G,P,G,E,E,G,G,G,E,G,E,P,P,G,G,G,E,P,E,E,E,G,G,E,G,P,E
CD Malaga,1989-90,E,P,E,G,E,G,P,G,P,P,G,E,E,E,P,P,P,P,E,E,P,P,G,P,G,P,P,P,P,P
Celta de Vigo,1989-90,E,P,P,E,G,E,P,G,P,P,P,E,P,E,P,P,E,P,G,E,P,E,E,E,P,P,P,E,P,E
Valencia,1989-90,P,E,P,G,E,E,E,G,G,G,E,E,G,G,E,G,E,G,P,E,G,E,G,G,P,E,G,G,E,G
Atletico de Madrid,1989-90,G,G,E,G,E,G,P,P,P,G,E,G,E,E,G,G,G,P,G,E,G,G,P,G,G,G,P,E,E,G
Valladolid,1989-90,G,P,G,E,P,P,G,P,P,P,P,E,G,E,P,E,E,E,E,P,G,E,P,E,P,P,P,P,P,G
Barcelona,1989-90,P,G,P,G,P,G,G,E,G,G,G,P,G,P,G,G,P,G,G,G,G,E,P,E,P,G,E,G,G,G
Cadiz,1989-90,P,P,G,P,P,P,E,G,P,G,P,G,E,E,P,G,P,G,P,E,P,P,P,P,P,P,P,E,G,E
Logrones,1989-90,G,G,P,G,P,G,P,E,E,P,P,G,P,G,G,P,P,P,G,E,G,G,P,G,G,E,G,G,P,P
Osasuna,1989-90,G,P,G,P,G,E,G,G,P,P,G,E,G,E,G,E,P,G,G,E,P,P,E,P,G,E,G,E,E,E
Mallorca,1989-90,P,E,G,E,G,E,E,E,G,G,E,P,P,E,G,P,G,P,E,E,G,E,E,E,G,P,P,E,G,P
Real Madrid,1989-90,G,E,G,E,G,P,G,G,G,P,G,G,G,E,G,G,G,G,G,E,G,E,E,G,G,G,G,G,G,E
Sporting de Gijon,1989-90,P,E,P,P,P,P,P,G,G,E,P,G,P,G,G,G,E,G,P,E,P,G,P,P,P,E,G,E,P,E
Oviedo,1989-90,E,E,G,E,G,P,G,E,G,E,E,P,E,G,G,P,E,P,P,E,P,E,G,E,G,G,P,E,G,P
Castellon,1989-90,E,E,P,P,G,P,E,P,E,P,G,E,E,E,G,P,G,E,P,E,P,E,G,G,P,P,G,P,E,E
Sevilla,1989-90,G,G,G,P,G,E,E,P,P,G,P,E,P,P,P,G,G,G,P,G,G,P,G,G,G,G,G,P,E,G
Tenerife,1989-90,P,E,E,E,P,G,E,E,P,G,P,P,G,P,P,P,E,P,E,P,E,P,G,G,P,G,G,P,P,E
Zaragoza,1989-90,G,P,E,E,G,P,G,P,G,G,G,P,P,E,P,G,P,G,P,E,G,G,E,P,P,E,P,E,G,P
Rayo Vallecano,1989-90,P,G,P,E,P,E,P,P,P,P,G,P,E,P,E,P,G,P,E,E,P,G,P,P,P,P,P,P,G,E
Espanol,1990-91,P,E,G,P,E,E,G,P,G,P,E,E,G,G,P,P,P,P,P,P,G,E,G,E,G,E,P,P,G,G
Barcelona,1990-91,G,G,G,G,G,G,E,G,P,E,G,G,G,G,G,E,G,P,G,G,E,G,G,G,G,G,P,E,G,G
Betis,1990-91,E,P,P,P,P,P,E,G,E,P,E,P,P,P,G,E,E,G,P,P,E,P,G,P,E,P,G,P,G,P
Sporting de Gijon,1990-91,E,G,E,G,P,E,P,P,G,P,E,P,G,P,G,E,P,G,E,G,E,G,G,E,E,P,G,P,G,E
Logrones,1990-91,P,G,E,P,G,G,E,G,G,G,E,G,E,G,P,P,P,G,P,P,E,P,E,E,E,G,G,G,P,P
Mallorca,1990-91,G,E,P,G,P,G,P,P,P,E,E,G,P,E,P,E,G,P,G,G,P,E,P,P,E,E,P,E,P,E
Real Sociedad,1990-91,G,E,P,G,P,E,P,G,E,E,P,P,P,G,P,E,E,E,P,E,E,G,E,G,G,E,G,G,P,P
Zaragoza,1990-91,P,P,P,P,E,G,E,E,G,G,P,G,P,P,E,G,P,G,G,E,E,P,P,E,P,G,E,P,P,E
Real Burgos,1990-91,G,P,G,P,P,E,G,E,G,E,E,E,E,G,P,E,P,P,P,E,G,P,E,E,E,E,E,G,P,P
Cadiz,1990-91,P,E,E,G,P,E,P,P,E,P,P,E,P,P,P,E,P,G,P,E,E,G,E,G,P,E,P,E,P,P
Real Madrid,1990-91,G,P,G,G,G,E,E,E,P,G,P,G,G,G,P,P,G,P,P,G,G,E,G,P,P,P,E,P,P,G
Castellon,1990-91,P,E,P,G,E,G,E,G,P,E,P,E,E,E,E,E,E,P,G,P,P,P,P,G,P,G,P,G,P,P
Oviedo,1990-91,E,E,G,P,G,P,P,E,P,G,E,G,G,E,E,E,E,G,P,P,G,G,E,P,E,E,E,G,E,G
Sevilla,1990-91,E,G,P,G,G,G,G,G,P,G,P,P,E,P,G,P,G,E,G,G,P,E,P,G,P,E,P,G,P,E
Tenerife,1990-91,G,P,E,E,P,P,P,G,P,G,G,P,P,P,G,P,E,P,G,P,G,P,E,P,G,E,G,G,G,G
Atletico de Bilbao,1990-91,P,G,G,P,G,P,E,P,G,P,G,G,E,E,G,G,P,P,P,G,P,P,P,P,P,P,G,E,G,G
Valencia,1990-91,E,P,G,P,G,P,G,P,P,P,G,E,E,G,P,G,G,E,E,P,E,G,G,G,G,E,P,P,E,P
Atletico de Madrid,1990-91,E,G,E,E,P,E,G,E,G,E,G,P,G,G,G,G,E,G,G,G,E,G,E,G,G,G,E,E,G,E
Valladolid,1990-91,E,P,E,P,E,P,G,E,E,E,E,P,P,P,G,E,G,G,G,P,E,P,P,P,G,E,E,E,G,G
Osasuna,1990-91,E,G,P,G,G,E,E,P,G,E,G,E,G,P,E,G,G,E,G,G,P,G,E,E,P,P,G,P,G,E
Atletico de Bilbao,1991-92,P,P,P,G,E,P,E,G,P,P,G,E,G,E,P,P,G,E,P,G,G,P,P,E,G,P,G,P,G,P
Sevilla,1991-92,G,G,G,P,P,P,G,P,G,E,E,E,E,G,G,P,G,E,G,P,P,P,G,P,E,E,G,P,G,P
Cadiz,1991-92,P,P,G,G,P,P,G,P,E,P,E,P,G,P,P,E,P,E,P,E,G,E,E,E,P,P,E,P,G,P
Real Madrid,1991-92,G,G,G,G,G,E,G,G,G,G,G,G,G,E,E,P,G,P,G,E,P,G,P,G,E,P,G,G,G,E
Valencia,1991-92,G,P,E,G,G,P,P,E,G,G,P,G,P,G,G,G,G,G,E,G,E,P,E,E,P,G,G,P,P,G
Deportivo,1991-92,P,E,P,G,E,G,P,P,P,P,E,E,G,G,E,P,E,G,E,P,P,E,P,E,E,G,P,E,P,P
Atletico de Madrid,1991-92,G,G,G,G,G,G,P,G,P,G,E,G,P,P,G,G,P,P,P,E,G,G,G,P,G,E,E,G,G,G
Real Burgos,1991-92,P,G,E,G,G,G,E,G,E,P,G,E,P,E,E,E,P,P,G,E,E,G,P,E,P,G,P,P,P,G
Barcelona,1991-92,G,P,G,P,P,E,G,E,G,G,G,E,G,E,G,G,G,G,G,P,G,G,E,G,E,E,G,E,G,P
Real Sociedad,1991-92,P,E,P,P,P,G,E,G,E,G,E,E,P,G,E,P,G,G,P,G,G,G,P,E,G,G,E,G,P,G
Osasuna,1991-92,G,P,G,P,G,P,G,P,P,P,E,G,E,E,P,P,P,G,E,P,E,E,P,E,G,P,E,E,G,G
Albacete,1991-92,P,G,G,P,P,G,P,P,P,G,E,E,G,G,G,G,E,G,G,G,E,E,E,G,P,E,G,P,E,G
Oviedo,1991-92,E,G,G,P,G,P,P,E,P,G,E,E,E,G,E,P,E,P,P,P,G,P,G,P,P,G,P,G,P,G
Mallorca,1991-92,E,P,P,P,G,G,P,P,P,P,P,G,P,P,E,P,G,P,P,G,P,E,E,P,G,E,P,G,P,E
Tenerife,1991-92,G,E,P,P,P,E,E,P,G,P,E,P,P,G,E,G,P,E,P,P,G,E,G,G,P,P,G,P,P,P
Logrones,1991-92,P,G,G,P,G,E,P,E,G,P,P,P,G,P,P,G,G,P,E,G,P,E,G,G,E,G,P,E,E,P
Valladolid,1991-92,P,P,P,P,G,P,G,G,E,P,E,P,E,P,E,E,P,E,P,P,G,E,G,P,G,E,E,P,E,P
Sporting de Gijon,1991-92,G,G,P,G,P,E,G,G,E,G,G,E,P,P,P,G,P,E,G,G,P,G,E,P,E,P,P,G,G,P
Zaragoza,1991-92,E,E,P,G,P,G,G,G,E,G,P,E,G,E,G,G,E,G,G,P,P,P,P,G,P,P,P,G,E,G
Espanol,1991-92,E,P,P,G,P,E,P,P,G,E,P,P,P,P,P,E,P,P,G,G,P,P,G,E,G,G,E,G,P,G
Barcelona,1992-93,G,E,G,G,E,E,P,G,G,G,G,G,G,G,E,G,E,G,E,P,E,E,G,G,G,G,G,G,P,G
Real Madrid,1992-93,P,G,E,G,P,G,G,G,G,G,E,G,P,G,P,G,G,E,G,G,G,E,G,G,G,E,E,G,G,G
Valencia,1992-93,G,E,E,E,G,P,G,P,G,P,G,E,E,G,G,P,E,G,G,G,E,E,G,P,P,E,P,E,G,G
Rayo Vallecano,1992-93,P,G,P,E,E,E,E,G,P,P,G,G,G,P,E,G,E,P,E,P,E,G,P,E,E,E,P,E,P,P
Albacete,1992-93,P,P,P,P,G,E,G,P,P,E,P,G,P,P,P,G,E,G,E,P,E,P,P,E,P,E,G,G,P,P
Sevilla,1992-93,G,P,E,G,P,G,E,G,E,G,G,P,E,P,G,P,E,G,G,G,P,E,P,G,P,E,E,P,G,G
Atletico de Bilbao,1992-93,G,P,G,P,G,G,G,P,E,P,E,G,G,P,P,G,E,G,P,G,G,P,P,P,G,P,E,P,G,E
Cadiz,1992-93,P,E,G,E,P,E,E,P,P,P,E,E,P,G,P,P,P,P,E,P,E,G,P,P,E,P,E,E,G,P
Atletico de Madrid,1992-93,G,G,P,E,G,G,E,P,G,G,G,G,E,P,P,P,E,E,P,E,G,E,G,G,G,P,G,P,E,E
Tenerife,1992-93,P,E,G,P,P,G,P,E,E,E,E,E,G,G,G,G,G,G,P,E,E,G,G,E,E,E,P,G,E,G
Deportivo,1992-93,G,G,G,G,G,P,G,E,G,E,P,E,G,G,G,G,G,G,E,E,G,E,G,P,E,P,G,G,G,E
Celta de Vigo,1992-93,P,E,G,G,E,P,E,E,G,P,P,P,G,P,P,P,E,G,E,E,E,G,G,P,E,G,P,E,E,P
Sporting de Gijon,1992-93,E,G,E,G,E,P,E,G,P,G,G,P,E,E,G,P,E,P,P,P,P,E,P,P,E,G,P,P,P,E
Osasuna,1992-93,E,G,P,E,E,P,P,P,G,G,P,G,E,G,G,P,P,P,G,G,E,E,P,P,P,G,P,E,G,G
Logrones,1992-93,G,P,P,P,E,P,P,E,P,E,P,P,P,P,G,P,E,E,E,E,E,P,G,G,P,E,G,P,P,E
Oviedo,1992-93,P,G,P,E,G,P,E,E,E,P,E,P,P,P,G,G,E,P,P,E,P,G,P,G,P,E,G,G,P,P
Real Burgos,1992-93,G,P,P,P,P,G,P,E,P,E,E,E,P,P,P,P,E,P,P,E,P,P,P,P,E,E,P,E,G,E
Real Sociedad,1992-93,P,P,G,P,P,G,P,E,P,G,E,P,P,G,P,G,P,P,E,E,G,G,P,G,G,G,E,G,P,G
Zaragoza,1992-93,G,E,G,E,E,P,G,E,P,E,P,E,E,G,P,G,E,P,G,P,E,P,G,G,G,P,E,P,E,P
Espanol,1992-93,P,P,P,E,E,G,E,G,G,P,E,P,G,E,G,P,E,E,G,G,P,P,G,E,E,E,G,P,P,P
Osasuna,1993-94,P,E,P,P,P,P,G,G,P,G,P,E,P,G,P,P,E,P,P,E,E,P,G,P,E,E,P,E,P,P
Real Madrid,1993-94,G,P,P,P,E,G,E,G,G,G,G,G,P,G,E,P,G,P,G,E,E,G,G,G,G,E,P,G,G,G
Atletico de Bilbao,1993-94,G,G,E,G,G,P,P,P,G,E,G,G,E,P,G,G,P,E,P,P,G,G,E,P,E,E,G,E,G,P
Albacete,1993-94,P,E,E,G,P,E,E,E,E,P,G,E,E,G,G,G,P,E,E,G,P,G,P,E,P,G,E,G,P,G
Atletico de Madrid,1993-94,G,E,G,E,E,P,P,E,G,P,G,E,P,E,P,G,E,E,P,P,G,P,G,P,P,P,E,P,P,G
Logrones,1993-94,P,P,P,G,P,G,G,P,P,P,E,E,E,E,E,G,E,P,E,G,E,P,E,E,E,P,E,G,P,P
Barcelona,1993-94,G,E,E,G,G,G,P,G,P,G,G,P,G,E,G,G,P,G,E,P,G,P,P,G,G,G,G,G,E,G
Real Sociedad,1993-94,P,E,G,G,G,E,G,G,P,P,P,E,E,G,P,G,P,E,E,G,P,G,E,P,P,G,P,G,P,E
Deportivo,1993-94,E,G,G,E,P,E,G,G,G,E,P,G,G,G,G,G,E,G,G,E,G,P,G,G,G,P,E,E,E,G
Celta de Vigo,1993-94,E,E,P,E,E,G,E,G,P,E,P,P,G,P,P,P,G,G,P,E,P,G,P,G,E,E,E,P,P,P
Santander,1993-94,G,G,P,E,G,P,G,P,E,P,G,E,G,P,P,P,G,G,E,E,E,P,G,G,P,P,G,P,E,P
Rayo Vallecano,1993-94,P,G,G,P,G,P,E,P,P,P,G,E,P,P,G,G,E,P,G,E,P,P,E,E,E,E,G,P,G,E
Oviedo,1993-94,P,E,P,G,P,E,E,P,G,P,G,P,E,E,G,G,E,G,E,E,G,E,P,P,G,P,P,P,G,E
Valencia,1993-94,G,E,G,G,E,G,P,G,G,P,P,G,E,P,P,P,E,E,P,E,P,G,P,E,E,G,P,G,G,P
Tenerife,1993-94,G,P,G,P,E,G,E,P,G,G,P,P,G,P,P,P,E,P,G,E,G,G,G,P,G,E,G,P,G,P
Lleida,1993-94,P,P,P,P,E,P,E,P,P,G,P,G,P,P,G,P,E,E,E,E,P,G,E,E,E,E,G,P,G,P
Valladolid,1993-94,P,G,E,P,G,P,E,P,P,E,P,E,P,G,P,P,E,E,G,P,E,E,E,E,P,P,G,E,E,E
Sporting de Gijon,1993-94,G,P,G,E,P,P,E,G,G,G,G,P,G,G,G,P,G,P,G,G,P,E,P,P,P,E,P,P,P,G
Zaragoza,1993-94,P,E,E,P,P,G,E,P,P,G,P,G,G,G,E,G,P,G,P,G,G,P,G,G,E,G,E,G,G,G
Sevilla,1993-94,G,E,E,E,G,G,P,G,G,G,E,P,P,P,E,P,G,E,E,P,E,E,P,G,G,G,P,G,P,G
Sevilla,1994-95,P,G,G,E,P,E,E,P,G,G,P,G,G,P,G,E,G,P,E,P,E,G,P,E,G,G,E,P,G,G
Real Madrid,1994-95,G,G,E,G,P,G,G,E,P,G,G,G,E,G,G,G,E,G,E,G,G,E,E,G,P,G,E,G,G,G
Albacete,1994-95,E,P,E,E,G,P,P,G,P,P,P,E,E,G,P,G,E,E,P,E,G,E,E,E,G,P,P,E,E,P
Celta de Vigo,1994-95,E,E,E,G,E,P,P,G,P,G,G,E,E,P,G,E,P,P,P,E,E,G,P,P,P,E,G,E,P,G
Atletico de Bilbao,1994-95,P,E,G,P,G,G,E,G,G,P,G,G,P,G,P,E,E,E,P,E,E,E,E,G,P,P,E,G,P,G
Deportivo,1994-95,G,G,G,E,G,E,E,G,E,G,P,G,E,G,P,E,E,G,G,E,P,G,P,G,P,P,G,G,G,E
Atletico de Madrid,1994-95,P,P,G,P,G,P,E,P,P,P,G,E,G,G,P,P,E,P,E,E,G,P,E,G,G,G,P,P,P,E
Valencia,1994-95,G,P,G,G,G,P,P,P,G,E,P,E,E,P,E,P,E,E,G,E,E,G,G,P,G,E,P,E,G,P
Compostela,1994-95,P,E,G,P,P,G,E,E,G,G,P,E,G,P,P,G,E,E,P,E,E,P,P,P,G,P,E,G,E,P
Real Sociedad,1994-95,G,P,P,P,P,E,G,E,E,P,P,E,E,G,G,E,E,E,G,E,E,G,P,G,P,P,G,E,P,P
Espanol,1994-95,G,G,E,E,E,P,P,E,G,G,E,E,P,G,P,G,E,E,P,P,G,P,G,G,E,P,G,E,G,E
Oviedo,1994-95,P,E,P,G,P,P,P,G,G,P,G,E,E,P,G,P,E,E,G,G,E,G,E,G,E,G,E,P,E,E
Sporting de Gijon,1994-95,G,P,E,P,G,G,G,P,P,P,E,E,P,P,E,E,E,E,P,P,G,P,E,P,E,G,E,G,E,E
Barcelona,1994-95,P,G,E,G,P,G,G,G,E,G,G,P,E,G,E,P,G,E,G,G,P,G,G,G,P,E,P,E,E,G
Logrones,1994-95,E,P,P,E,P,P,P,E,P,E,P,E,P,P,P,E,P,P,G,P,P,P,E,P,E,P,P,P,P,E
Betis,1994-95,E,G,P,G,E,G,E,P,G,E,G,E,E,P,E,E,G,G,E,G,P,E,E,G,E,G,P,G,P,G
Santander,1994-95,E,P,P,P,E,P,G,P,P,G,G,E,P,P,G,G,P,E,P,E,G,P,G,P,G,G,G,P,E,P
Valladolid,1994-95,E,P,P,G,P,G,E,E,P,P,P,P,E,G,P,E,E,E,G,E,P,G,P,P,P,P,P,G,P,P
Zaragoza,1994-95,E,G,G,P,G,E,G,G,G,E,G,P,G,G,G,P,P,G,P,P,E,P,G,P,G,E,G,P,G,G
Tenerife,1994-95,E,G,P,E,G,G,E,P,E,P,P,P,G,P,G,E,G,E,G,G,P,P,G,P,E,G,G,P,G,P
Deportivo,1995-96,G,P,G,E,G,P,P,P,G,E,P,E,P,G,G,P,G,G,G,E,E,P,G,G,E,P,E,P,E,E
Valencia,1995-96,P,G,G,E,P,G,G,E,P,G,G,P,E,G,P,G,P,G,G,P,G,G,G,G,P,G,E,G,P,G
Sporting de Gijon,1995-96,G,P,G,P,P,G,E,G,P,G,P,G,P,E,P,P,P,P,P,G,P,G,E,E,P,P,P,P,E,E
Albacete,1995-96,P,G,P,G,P,G,E,P,P,E,P,E,P,P,P,E,G,G,P,E,E,P,E,E,E,G,P,G,P,P
Atletico de Bilbao,1995-96,G,G,P,E,G,E,E,P,E,P,G,P,G,P,G,P,E,P,G,E,E,E,P,P,P,G,P,E,E,P
Santander,1995-96,P,P,P,E,P,G,G,E,P,E,G,G,P,E,E,P,P,G,P,E,P,E,P,E,G,E,E,G,P,G
Atletico de Madrid,1995-96,G,G,G,G,E,G,G,G,G,E,G,E,P,G,P,G,G,G,G,G,E,P,G,G,G,P,G,G,E,P
Real Sociedad,1995-96,P,G,P,P,E,G,P,P,G,G,P,E,P,E,G,P,E,P,G,E,G,G,E,G,E,G,E,G,G,G
Celta de Vigo,1995-96,P,G,E,P,E,P,P,P,G,E,P,E,E,G,E,G,P,G,G,G,P,E,G,P,E,P,E,P,E,E
Compostela,1995-96,G,G,E,G,P,G,P,G,P,G,P,G,E,E,G,G,G,P,G,G,G,E,P,P,G,G,G,E,P,P
Espanol,1995-96,G,G,G,G,G,P,E,G,E,E,G,G,G,E,P,G,G,E,P,G,P,E,G,E,E,E,P,G,P,G
Salamanca,1995-96,P,P,P,E,E,P,G,P,E,G,P,G,E,G,P,E,E,P,P,P,G,E,P,P,P,E,E,P,P,P
Merida,1995-96,E,E,P,P,E,P,E,G,G,E,G,P,P,P,P,E,E,E,P,E,E,G,E,P,P,E,G,P,P,P
Betis,1995-96,E,G,G,E,G,E,P,E,G,P,E,E,G,E,G,G,E,E,P,E,G,P,G,E,P,G,G,P,G,G
Rayo Vallecano,1995-96,P,P,P,P,G,P,P,E,G,P,P,E,G,P,G,P,P,E,G,E,E,G,P,E,E,P,P,G,P,G
Real Madrid,1995-96,G,P,P,E,E,P,G,G,G,E,G,P,G,E,G,P,G,P,G,E,E,P,G,G,G,P,E,E,G,P
Sevilla,1995-96,P,P,G,E,E,P,E,P,P,E,E,G,G,G,P,E,E,G,P,P,P,P,E,P,P,G,G,E,G,E
Tenerife,1995-96,G,P,E,E,P,G,G,E,P,E,E,E,E,E,G,G,P,G,G,P,G,G,P,G,E,G,P,P,G,G
Valladolid,1995-96,P,P,E,E,G,P,G,E,P,P,E,P,E,P,P,E,P,E,P,E,P,P,P,G,G,P,G,P,G,G
Barcelona,1995-96,G,E,G,G,E,G,G,G,G,P,G,E,G,E,E,P,G,P,G,P,E,G,E,G,E,G,G,G,E,P
Zaragoza,1995-96,G,P,P,E,G,G,P,G,P,E,P,P,P,E,E,G,G,E,P,E,E,E,P,P,G,P,E,G,G,P
Oviedo,1995-96,P,G,G,E,P,P,P,P,E,E,G,E,G,P,G,E,P,P,P,E,E,E,G,P,G,P,P,P,G,G
Deportivo,1996-97,E,E,G,G,G,E,G,G,E,G,G,E,E,G,G,G,E,P,E,E,P,P,E,E,G,G,G,G,G,G
Real Madrid,1996-97,E,G,E,G,G,G,E,G,G,E,G,E,G,G,G,G,E,G,E,G,G,G,G,E,P,G,G,G,G,G
Atletico de Madrid,1996-97,G,P,P,G,G,E,E,P,P,G,G,E,G,G,G,E,E,G,G,P,G,E,G,E,G,G,G,P,P,G
Celta de Vigo,1996-97,P,E,G,P,P,G,E,E,G,E,E,P,G,G,P,G,P,P,E,P,P,E,E,G,E,G,P,E,P,E
Betis,1996-97,G,G,E,G,P,G,E,G,E,P,E,G,E,G,G,G,G,E,G,P,G,G,G,E,E,P,G,G,G,G
Atletico de Bilbao,1996-97,P,G,P,E,G,P,E,G,E,G,P,G,G,G,E,E,E,P,E,E,G,P,E,G,G,E,E,E,E,E
Hercules,1996-97,G,P,P,P,P,P,P,E,P,P,P,E,P,G,P,G,P,E,G,G,P,E,P,P,P,P,P,G,P,P
Extremadura,1996-97,P,P,P,P,P,P,P,G,P,E,E,P,E,P,P,E,E,P,E,G,G,E,P,G,E,G,G,G,P,G
Santander,1996-97,G,G,E,P,P,G,E,E,E,G,E,E,G,E,P,P,G,P,E,G,E,E,G,P,G,E,P,P,G,P
Valencia,1996-97,P,P,E,G,G,P,G,G,G,P,P,P,E,P,G,P,G,E,G,P,E,E,G,E,P,G,P,G,G,P
Real Sociedad,1996-97,G,G,E,P,E,G,G,P,P,P,G,P,G,E,G,G,E,G,G,G,P,G,P,E,G,P,E,P,P,E
Sevilla,1996-97,P,P,G,P,P,E,P,E,P,G,G,G,P,P,P,P,P,P,G,P,E,P,P,G,P,P,P,P,G,P
Rayo Vallecano,1996-97,P,P,G,P,G,E,G,P,G,E,E,E,P,E,G,P,G,G,P,P,P,P,E,P,G,P,P,P,P,P
Valladolid,1996-97,G,P,P,G,E,E,G,G,G,P,G,G,P,P,E,E,E,G,E,P,P,G,E,G,P,G,P,P,E,G
Oviedo,1996-97,P,G,G,G,P,P,P,E,E,E,P,G,P,E,P,P,G,G,P,G,E,E,E,P,E,P,G,P,G,P
Barcelona,1996-97,G,G,E,G,G,E,G,G,G,G,E,E,G,P,G,P,G,G,P,G,G,E,P,G,P,G,P,G,G,G
Tenerife,1996-97,G,G,P,P,G,E,P,P,G,E,E,E,G,P,P,G,G,G,P,E,P,E,G,P,G,P,G,G,E,P
Compostela,1996-97,P,G,P,G,P,E,P,P,E,E,P,G,E,P,P,G,P,G,E,P,G,E,P,E,G,P,G,P,E,E
Zaragoza,1996-97,E,G,E,P,P,E,E,P,P,E,P,E,E,E,G,P,P,P,P,E,P,G,G,E,G,P,G,E,G,P
Logrones,1996-97,E,P,G,P,G,G,P,P,P,P,E,E,P,P,G,P,P,P,G,P,G,P,P,E,P,G,G,P,P,P
Espanol,1996-97,P,P,G,E,G,P,E,P,G,G,E,P,P,E,P,G,P,P,P,G,E,P,G,P,P,P,P,E,P,G
Sporting de Gijon,1996-97,G,P,E,G,P,E,G,E,P,P,E,P,P,G,P,P,E,E,P,G,E,G,P,E,P,G,P,G,P,G
Real Madrid,1997-98,E,G,G,G,E,G,G,E,P,G,G,G,E,G,E,G,E,G,P,E,G,P,P,E,G,P,G,P,E,G
Atletico de Madrid,1997-98,E,G,P,E,G,G,G,P,G,G,E,E,G,E,G,E,P,P,G,E,P,G,E,G,P,G,E,E,P,P
Atletico de Bilbao,1997-98,P,E,G,E,E,E,E,G,G,P,G,E,E,P,G,G,G,G,E,G,E,P,G,E,P,P,E,G,G,P
Espanol,1997-98,G,E,E,E,E,G,G,G,G,P,G,E,E,E,G,P,E,P,G,P,P,E,E,P,E,G,E,P,P,E
Barcelona,1997-98,G,G,G,G,G,G,E,G,G,P,P,G,P,G,G,G,G,G,P,E,P,P,G,E,E,G,G,G,G,G
Real Sociedad,1997-98,P,G,P,G,E,G,G,G,E,G,E,E,E,G,E,E,G,E,G,E,P,G,G,E,P,E,P,P,G,G
Celta de Vigo,1997-98,G,E,G,E,G,P,G,E,G,G,G,P,P,P,G,P,E,G,P,P,G,P,E,G,G,P,G,G,E,P
Zaragoza,1997-98,P,E,G,E,E,E,P,G,E,P,P,G,G,G,P,G,E,P,E,G,P,E,P,G,G,P,E,G,P,P
Compostela,1997-98,G,E,P,E,E,P,E,P,G,P,P,G,E,P,P,P,E,E,E,G,G,P,G,P,E,P,P,E,G,P
Sporting de Gijon,1997-98,P,P,P,P,P,P,E,P,P,P,P,P,E,P,P,E,P,P,P,P,P,P,P,G,P,P,E,P,P,E
Mallorca,1997-98,G,E,G,G,E,P,G,E,E,G,P,E,E,P,P,P,G,G,P,E,E,G,G,G,E,G,P,E,P,G
Valencia,1997-98,P,P,P,P,G,E,P,E,P,G,P,G,P,P,E,G,G,G,P,E,G,G,G,P,G,G,E,G,G,E
Santander,1997-98,G,P,G,P,G,E,P,P,P,P,E,E,G,E,G,P,E,G,P,E,G,P,P,P,G,P,P,E,E,P
Salamanca,1997-98,P,P,G,E,P,P,P,P,P,E,E,P,E,G,G,E,G,P,G,E,P,G,P,P,P,G,E,G,P,G
Oviedo,1997-98,G,E,E,E,P,G,P,E,E,G,G,E,G,E,E,P,P,P,E,P,G,E,E,P,G,E,E,P,G,P
Merida,1997-98,P,E,P,E,P,P,G,P,G,G,G,E,E,P,P,P,E,P,G,G,P,E,E,P,G,P,G,P,G,E
Tenerife,1997-98,E,G,G,P,P,E,P,G,P,P,P,E,P,E,P,E,P,E,G,P,G,G,P,E,P,G,P,P,E,G
Deportivo,1997-98,E,E,P,G,E,P,E,E,E,P,G,E,P,E,P,E,P,E,G,G,E,G,G,E,P,G,P,G,P,G
Valladolid,1997-98,P,P,P,P,P,G,E,P,E,G,E,P,E,G,P,G,E,G,P,P,G,P,P,G,G,G,G,E,P,G
Betis,1997-98,G,E,P,E,G,E,P,G,P,E,E,P,G,G,G,G,P,P,G,G,E,G,E,G,P,P,G,E,G,P
Alaves,1998-99,E,P,G,G,P,P,P,P,E,E,G,P,P,P,G,P,E,P,P,P,E,E,G,P,G,P,G,P,G,E
Betis,1998-99,E,P,P,E,G,P,P,G,P,G,G,G,P,E,E,G,G,P,E,G,E,E,P,G,P,P,G,P,P,G
Valencia,1998-99,G,P,G,P,P,P,G,G,G,P,G,E,G,G,P,G,E,E,G,G,E,P,P,G,G,G,E,G,E,P
Atletico de Madrid,1998-99,P,G,E,G,P,G,P,G,E,P,G,G,E,E,E,G,G,P,G,P,P,P,P,E,P,P,P,E,E,P
Celta de Vigo,1998-99,E,E,E,E,G,G,G,E,G,G,P,E,E,G,P,G,G,G,P,P,G,P,E,E,G,G,G,E,G,E
Deportivo,1998-99,E,G,P,G,P,G,E,E,E,E,G,G,G,P,E,P,P,G,G,G,E,G,E,P,G,G,G,E,P,G
Espanol,1998-99,G,P,E,P,E,P,P,E,G,G,E,P,E,P,G,G,E,E,E,E,G,G,E,E,P,P,E,G,G,G
Tenerife,1998-99,P,E,G,P,E,P,E,G,E,P,P,P,E,E,E,P,P,E,G,E,E,P,P,E,G,P,E,P,P,P
Extremadura,1998-99,E,P,P,E,P,P,G,P,P,G,P,G,P,P,E,G,P,P,E,E,P,E,G,P,P,G,P,E,E,E
Valladolid,1998-99,E,P,E,G,P,G,P,G,E,G,P,P,P,G,P,P,P,P,E,E,P,G,G,G,G,E,E,G,P,G
Santander,1998-99,E,P,G,P,G,G,E,E,P,G,E,P,P,E,E,P,G,P,E,P,G,E,P,G,G,P,P,P,G,P
Barcelona,1998-99,E,G,E,E,G,E,G,G,P,G,P,P,P,P,G,G,G,G,G,G,G,G,E,P,G,G,G,G,G,G
Real Sociedad,1998-99,E,E,P,P,G,E,G,P,G,P,E,G,G,P,G,P,G,E,G,P,E,P,G,G,E,E,P,E,G,E
Oviedo,1998-99,E,G,P,E,G,P,E,P,G,G,P,P,G,G,G,P,E,E,E,G,E,G,P,E,P,E,E,P,E,P
Salamanca,1998-99,E,P,G,P,G,E,G,P,P,P,G,P,E,P,P,P,P,E,P,P,G,P,G,P,P,P,P,P,P,E
Mallorca,1998-99,E,G,G,E,E,G,G,E,G,P,G,P,G,G,E,P,G,P,P,G,P,G,G,E,P,G,P,G,G,P
Zaragoza,1998-99,G,G,P,G,G,P,P,P,G,P,E,G,E,P,E,G,E,G,P,P,E,E,G,G,P,P,E,G,P,E
Atletico de Bilbao,1998-99,P,G,G,P,P,G,P,E,P,P,G,G,E,G,G,G,P,G,E,G,P,E,G,E,P,G,E,E,E,G
Real Madrid,1998-99,G,G,E,G,P,G,E,G,E,P,P,G,E,G,P,G,P,G,P,G,G,P,P,P,G,G,G,G,P,G
Villarreal,1998-99,P,E,P,G,E,E,E,P,P,G,P,G,G,G,P,P,E,G,E,P,P,G,P,E,E,E,E,P,E,P
Atletico de Bilbao,1999-00,G,P,E,E,P,P,G,G,P,E,E,G,G,E,E,E,E,G,G,P,G,P,G,E,P,E,P,P,P,E
Betis,1999-00,P,E,P,G,P,G,P,G,G,G,P,G,E,P,P,G,P,P,P,G,P,E,P,G,E,E,E,E,P,E
Mallorca,1999-00,P,P,G,P,G,P,E,P,G,E,G,G,G,E,E,P,G,E,P,P,G,P,G,E,G,P,E,E,P,P
Real Madrid,1999-00,G,G,E,E,E,P,E,E,E,P,G,E,P,P,E,G,G,G,G,G,E,G,P,G,E,G,E,G,E,E
Valencia,1999-00,P,P,P,P,E,G,G,P,G,E,P,G,E,G,G,G,E,E,P,E,P,G,G,E,E,G,G,P,E,G
Santander,1999-00,G,P,G,E,P,E,G,G,P,E,E,P,E,P,E,P,E,G,P,E,P,G,P,G,G,E,P,P,G,P
Atletico de Madrid,1999-00,P,P,P,E,G,P,G,P,G,G,E,P,P,G,P,P,G,P,G,E,E,G,E,P,E,P,E,P,E,P
Rayo Vallecano,1999-00,G,G,G,G,P,E,G,G,P,G,P,P,P,P,G,P,E,P,G,E,P,P,G,E,P,P,P,E,G,E
Barcelona,1999-00,G,G,G,P,G,G,E,E,G,P,P,P,P,G,P,G,E,G,G,E,G,E,P,P,G,P,G,G,G,G
Zaragoza,1999-00,P,G,E,E,G,G,P,G,G,E,G,P,E,G,E,E,G,E,G,E,P,G,E,E,P,G,E,G,E,G
Deportivo,1999-00,G,E,G,E,P,G,E,G,P,G,G,G,G,G,G,G,P,P,E,P,G,P,G,P,G,G,P,G,P,G
Alaves,1999-00,P,G,G,G,P,E,P,P,E,G,P,G,G,E,G,E,P,E,P,G,G,P,G,G,E,G,G,G,E,P
Malaga,1999-00,G,P,G,P,E,E,P,P,P,E,G,G,E,P,P,E,G,E,G,G,P,E,E,P,G,E,G,E,E,P
Espanol,1999-00,P,G,P,G,G,G,P,E,P,E,E,P,P,G,E,P,G,P,E,P,G,E,P,E,E,G,P,G,E,G
Numancia,1999-00,G,P,P,E,G,E,P,E,P,G,E,G,P,G,E,G,P,E,G,P,E,G,P,G,P,P,P,E,P,G
Valladolid,1999-00,P,G,P,G,E,P,E,G,P,P,P,P,E,G,E,E,G,E,P,G,P,G,E,E,P,G,G,G,P,G
Oviedo,1999-00,G,P,P,P,G,P,E,E,G,E,P,P,E,P,E,G,P,G,E,P,G,P,G,P,E,P,E,E,G,P
Celta de Vigo,1999-00,P,G,G,P,G,G,G,P,G,P,G,G,G,P,E,P,P,E,P,G,G,P,P,G,P,P,G,P,E,E
Sevilla,1999-00,E,P,E,E,P,E,G,P,E,P,E,P,E,P,G,P,P,G,P,E,P,P,G,E,E,E,P,P,G,E
Real Sociedad,1999-00,E,G,P,G,P,P,P,E,E,P,G,E,G,E,P,E,E,P,E,E,E,G,P,P,G,E,G,P,G,P
Barcelona,2000-01,G,P,G,P,G,G,P,E,G,P,P,G,E,G,E,G,G,G,G,E,G,P,P,G,E,E,E,G,E,E
Malaga,2000-01,P,E,G,P,P,G,E,G,P,E,P,G,P,G,P,G,G,G,P,E,P,P,P,G,G,G,E,P,G,E
Deportivo,2000-01,G,G,E,G,P,E,G,G,P,G,E,G,G,E,P,G,P,G,G,E,G,G,G,E,P,G,P,G,P,G
Atletico de Bilbao,2000-01,P,G,P,G,E,P,E,P,E,G,P,G,P,G,E,E,P,G,G,E,P,G,P,G,E,E,E,P,P,P
Real Sociedad,2000-01,E,P,E,G,P,P,P,G,P,P,G,P,E,P,P,P,E,P,E,G,E,P,G,P,G,P,E,E,G,E
Santander,2000-01,E,P,P,E,P,G,P,G,P,E,E,P,P,G,P,E,P,P,P,P,P,G,P,G,P,G,P,G,E,G
Real Madrid,2000-01,G,E,G,E,G,P,G,P,P,G,G,G,G,G,G,G,G,G,E,G,G,P,G,E,E,G,P,G,G,G
Valencia,2000-01,P,G,G,G,E,G,G,G,P,E,E,G,E,G,G,E,G,P,P,P,E,G,G,G,E,G,P,P,G,P
Zaragoza,2000-01,P,E,E,P,E,P,E,G,G,P,G,P,E,E,G,E,E,G,E,P,G,P,G,P,E,P,E,P,G,E
Espanol,2000-01,G,P,P,P,E,P,G,E,G,E,G,G,P,P,P,P,G,P,G,G,G,P,P,E,E,E,G,G,P,G
Las Palmas,2000-01,P,E,E,P,G,G,G,P,P,P,G,G,E,P,P,G,G,G,E,P,G,P,P,P,E,P,G,P,P,P
Alaves,2000-01,G,P,E,G,E,G,G,P,G,P,E,P,G,P,G,P,P,P,P,G,P,G,G,E,E,G,E,E,G,G
Mallorca,2000-01,E,P,P,P,G,E,G,G,G,G,P,G,E,E,E,G,E,G,E,P,E,G,G,P,G,E,G,E,G,G
Valladolid,2000-01,E,G,E,E,E,E,P,E,P,G,P,G,E,P,E,E,G,P,E,G,E,G,P,G,P,P,P,P,P,G
Numancia,2000-01,G,P,P,G,E,P,P,E,G,P,P,P,E,E,P,G,P,P,G,P,E,P,G,P,G,P,E,P,P,E
Oviedo,2000-01,P,E,P,G,E,G,P,G,P,G,G,P,G,P,G,P,P,P,E,G,P,P,P,P,P,E,G,E,P,P
Osasuna,2000-01,P,G,E,P,E,E,P,P,E,E,E,P,P,E,G,P,G,P,E,P,P,P,P,G,G,P,E,G,E,P
Celta de Vigo,2000-01,G,G,G,P,E,P,G,P,G,P,E,P,E,P,E,P,P,P,E,G,E,G,E,E,G,G,G,G,G,P
Villarreal,2000-01,P,G,G,E,E,P,E,P,G,G,P,P,E,G,G,E,P,G,P,G,G,G,G,P,P,E,G,P,E,P
Rayo Vallecano,2000-01,G,E,E,G,E,G,P,P,G,E,G,P,G,E,E,P,E,G,E,P,P,G,E,E,P,P,P,G,P,E
Valencia,2001-02,G,E,G,E,E,E,G,E,G,E,G,E,E,P,E,P,G,G,G,P,P,G,G,G,E,E,G,G,G,P
Real Madrid,2001-02,P,E,P,G,E,P,G,E,E,G,G,P,G,G,G,G,G,E,G,G,E,E,P,P,G,P,G,G,G,E
Deportivo,2001-02,G,G,P,G,E,E,G,G,G,P,G,P,G,P,P,G,E,G,P,P,G,E,P,G,E,P,G,G,E,G
Valladolid,2001-02,P,E,G,P,E,P,G,G,P,E,G,P,G,P,G,P,E,P,G,G,G,E,P,G,P,E,G,P,P,E
Espanol,2001-02,G,P,P,P,G,G,E,P,G,E,P,P,G,P,G,E,P,G,P,E,E,P,G,E,G,E,G,E,G,P
Zaragoza,2001-02,P,E,G,P,E,G,G,P,P,P,G,G,P,G,P,P,P,G,P,E,P,G,E,E,P,G,P,P,P,E
Malaga,2001-02,G,E,P,E,P,P,E,G,E,G,P,P,G,P,G,E,E,P,G,E,E,E,E,P,G,E,G,P,G,G
Betis,2001-02,P,G,G,G,G,E,G,P,E,P,P,E,G,G,G,E,G,P,P,E,E,E,G,E,E,G,G,E,G,E
Mallorca,2001-02,P,G,E,P,P,P,P,E,G,P,G,G,P,G,E,E,P,E,P,P,G,G,P,P,E,P,P,G,G,E
Las Palmas,2001-02,G,P,P,E,P,G,P,G,E,P,G,P,E,P,G,E,E,G,E,G,P,P,E,E,P,E,P,P,G,P
Osasuna,2001-02,P,P,E,G,G,G,E,P,P,G,P,E,P,P,P,G,E,P,G,E,E,G,E,E,G,E,P,E,P,P
Celta de Vigo,2001-02,G,G,E,G,E,E,E,G,E,E,P,P,P,G,G,E,G,G,E,E,E,G,G,P,E,E,P,P,G,G
Real Sociedad,2001-02,P,P,E,P,P,P,E,P,G,G,G,P,P,G,P,E,P,G,E,P,P,P,G,P,G,G,E,E,P,G
Atletico de Bilbao,2001-02,G,P,G,E,G,E,P,P,E,E,G,G,E,G,G,E,E,G,P,G,P,E,P,G,E,G,P,G,P,G
Rayo Vallecano,2001-02,P,E,P,P,P,P,P,G,P,G,P,G,P,P,P,E,E,G,E,E,G,P,G,E,P,G,E,P,E,G
Villarreal,2001-02,G,G,P,G,G,E,P,P,E,P,P,G,E,G,P,E,P,P,P,E,E,G,P,G,E,E,P,E,P,E
Sevilla,2001-02,P,E,G,G,P,G,E,E,P,E,G,E,P,G,P,E,G,P,G,P,G,G,P,E,E,P,G,P,P,P
Barcelona,2001-02,G,E,E,G,G,G,P,E,E,G,P,G,E,P,P,E,G,P,G,G,P,P,G,G,E,G,P,G,P,E
Tenerife,2001-02,P,P,G,P,E,P,G,G,P,P,P,G,E,G,P,P,E,P,G,P,E,P,P,E,E,P,G,E,G,E
Alaves,2001-02,G,G,E,P,E,G,P,E,G,G,P,G,G,P,G,G,P,P,P,G,G,P,G,P,P,P,P,G,P,P
Santander,2002-03,P,G,P,E,G,G,P,E,P,P,P,G,P,G,G,P,P,P,P,P,G,G,G,P,P,P,P,G,E,G
Valladolid,2002-03,G,G,P,E,P,G,P,P,G,E,P,P,P,G,P,G,E,G,P,G,P,P,P,G,E,E,P,P,P,G
Barcelona,2002-03,E,G,G,P,E,P,G,E,G,P,E,P,P,P,G,G,E,P,P,P,E,G,G,E,E,E,G,P,P,E
Atletico de Madrid,2002-03,E,E,G,E,P,E,E,G,E,G,G,P,G,P,P,P,G,E,P,G,E,G,P,G,G,P,E,P,E,E
Deportivo,2002-03,P,G,G,G,P,P,G,E,E,G,E,E,E,G,G,G,P,G,P,G,E,G,G,G,G,G,P,G,G,G
Betis,2002-03,G,E,E,G,E,P,E,G,E,G,P,G,G,P,G,P,E,G,G,P,P,G,P,P,P,E,E,G,P,E
Recreativo de Huel,2002-03,P,P,P,E,P,P,E,G,P,P,G,P,E,P,P,P,E,E,G,P,E,P,G,G,E,E,E,G,G,P
Malaga,2002-03,G,G,E,E,G,E,P,P,G,E,E,P,E,P,P,E,E,E,G,G,P,P,E,P,G,P,E,G,G,G
Mallorca,2002-03,P,P,P,G,G,G,G,G,G,G,E,E,P,P,P,P,G,E,P,P,P,P,E,P,G,E,G,E,E,E
Valencia,2002-03,G,G,E,G,P,E,G,G,E,P,G,E,G,G,P,P,E,G,G,G,E,G,G,E,P,P,E,P,G,P
Real Sociedad,2002-03,G,G,E,G,G,E,G,G,E,E,E,G,G,G,G,E,E,G,G,P,E,P,G,P,G,G,E,P,G,G
Atletico de Bilbao,2002-03,P,P,E,P,G,E,P,G,E,G,G,P,P,P,G,G,P,P,E,G,E,G,E,P,P,G,P,G,E,E
Rayo Vallecano,2002-03,E,P,G,P,E,G,P,P,P,P,E,P,G,G,P,G,P,P,P,E,G,P,P,P,G,P,E,P,E,P
Alaves,2002-03,E,P,G,P,P,E,P,G,P,G,E,E,P,G,P,G,E,E,G,E,P,G,P,P,P,E,P,E,P,P
Sevilla,2002-03,P,E,E,E,E,P,G,P,G,P,E,P,P,G,G,G,E,E,P,G,E,P,G,G,G,E,G,P,G,P
Celta de Vigo,2002-03,G,G,G,E,G,P,E,P,G,P,E,G,G,P,G,P,P,P,G,P,G,G,E,E,P,G,G,E,G,G
Villarreal,2002-03,E,P,P,E,E,G,E,P,P,G,E,G,E,P,P,G,G,E,P,G,G,P,P,G,P,P,E,G,P,E
Osasuna,2002-03,E,P,P,P,E,G,P,P,P,G,E,G,G,G,P,P,E,E,G,P,E,G,P,E,P,E,E,P,P,P
Real Madrid,2002-03,G,E,G,E,G,P,E,E,G,E,E,G,G,G,G,G,G,E,E,E,G,P,G,G,G,G,G,G,P,E
Espanol,2002-03,P,P,P,E,P,G,G,P,P,P,P,G,P,P,G,P,G,E,G,E,E,P,P,G,E,G,E,E,E,E
Albacete,2003-04,P,P,P,P,G,P,G,P,G,P,P,P,G,E,G,G,E,P,P,E,E,P,P,E,G,G,G,P,G,E
Osasuna,2003-04,G,P,G,E,G,E,G,P,G,P,E,E,E,G,G,E,P,E,E,E,G,E,P,P,E,G,E,E,G,E
Atletico de Bilbao,2003-04,P,P,G,E,G,E,G,P,G,P,G,G,P,E,P,G,E,E,P,E,G,G,G,E,E,G,P,P,G,P
Barcelona,2003-04,G,E,G,E,E,P,P,G,G,E,G,P,E,P,P,G,E,P,G,E,G,G,G,G,G,G,G,G,G,E
Espanol,2003-04,E,E,P,P,P,P,P,P,G,P,P,G,P,P,P,P,P,G,G,P,P,G,G,P,P,G,G,P,E,G
Real Sociedad,2003-04,E,E,G,G,P,E,P,G,P,E,P,P,E,E,P,P,P,G,G,G,G,G,P,E,P,P,E,G,P,P
Malaga,2003-04,E,P,P,P,G,G,P,G,P,G,G,E,P,G,P,G,G,P,P,P,P,P,P,G,G,G,P,G,G,E
Villarreal,2003-04,E,E,G,E,G,E,P,E,P,G,P,G,G,P,E,G,G,P,G,G,P,P,P,G,P,P,P,G,P,E
Real Madrid,2003-04,G,E,G,G,P,G,G,G,E,G,P,G,E,G,G,G,G,G,P,E,G,G,G,E,G,G,E,E,P,G
Betis,2003-04,P,E,G,E,G,E,E,G,P,P,P,E,P,E,G,P,P,E,G,E,G,G,G,G,E,E,P,E,P,E
Valencia,2003-04,E,G,G,G,G,G,G,P,E,G,P,E,G,E,G,G,G,G,G,E,P,G,G,E,P,P,G,G,G,G
Valladolid,2003-04,E,G,P,G,P,P,P,G,E,G,E,G,E,E,P,E,G,E,P,E,G,P,P,P,P,P,G,G,P,E
Celta de Vigo,2003-04,E,E,P,E,G,P,P,G,E,P,E,P,G,E,P,E,E,P,G,E,P,P,G,G,P,P,P,P,E,P
Murcia,2003-04,E,E,P,E,P,G,P,P,P,E,P,E,E,E,E,E,P,P,P,E,P,G,P,P,P,P,E,P,P,G
Santander,2003-04,G,E,P,E,P,G,G,P,P,G,G,P,G,P,P,E,E,G,E,E,G,P,P,P,G,P,E,G,E,P
Mallorca,2003-04,P,G,P,E,P,E,P,P,G,P,G,G,G,G,G,P,P,P,P,E,G,P,P,E,E,P,P,G,P,P
Sevilla,2003-04,G,E,P,E,G,E,E,E,E,P,G,P,P,G,G,P,P,G,E,P,P,P,G,G,G,E,G,P,P,P
Atletico de Madrid,2003-04,P,G,P,P,E,P,G,G,G,G,G,P,G,P,G,E,E,E,G,G,E,E,P,P,E,G,E,P,G,E
Zaragoza,2003-04,P,P,G,P,P,E,G,P,E,G,E,G,P,E,P,P,G,E,P,P,P,P,G,P,G,G,G,E,E,G
Deportivo,2003-04,G,G,G,G,P,G,G,G,P,E,G,E,P,E,G,P,G,G,E,G,P,G,G,G,E,P,P,P,G,G
Atletico de Madrid,2004-05,G,G,E,P,G,P,G,P,E,E,E,G,P,G,P,G,P,P,E,P,G,G,E,P,G,P,G,G,E,G
Malaga,2004-05,P,E,G,G,P,G,P,E,E,P,P,P,P,P,G,P,P,P,G,G,P,E,G,G,G,G,P,P,P,E
Espanol,2004-05,E,G,G,P,G,P,P,G,E,G,G,P,G,G,G,E,P,G,E,P,E,P,G,P,G,E,G,P,E,G
Deportivo,2004-05,E,P,G,P,E,G,G,E,E,P,G,G,E,E,E,P,P,E,E,G,E,E,G,P,G,E,G,G,P,G
Numancia,2004-05,E,P,G,P,E,P,P,P,P,P,G,P,G,P,P,E,P,E,E,P,P,P,P,G,E,E,E,P,P,P
Betis,2004-05,E,P,P,G,E,E,E,G,E,E,G,G,G,P,G,P,G,P,G,G,E,G,E,G,P,P,E,G,G,E
Mallorca,2004-05,P,G,P,E,P,P,E,P,P,E,E,G,P,G,P,P,P,E,P,P,G,E,G,P,P,P,G,P,P,P
Real Madrid,2004-05,G,G,P,G,P,P,E,G,G,G,G,P,G,E,G,G,P,G,G,G,G,G,G,P,P,G,E,P,G,G
Osasuna,2004-05,E,G,G,P,G,P,G,P,P,P,G,E,G,P,E,G,G,P,E,P,E,P,P,E,P,E,P,P,G,P
Atletico de Bilbao,2004-05,E,E,P,P,G,P,G,P,E,P,G,P,G,P,G,G,G,E,E,G,E,E,E,G,P,P,G,P,G,P
Santander,2004-05,P,P,E,G,P,E,P,G,G,G,P,E,P,E,P,P,P,G,E,P,E,P,P,G,E,G,P,G,G,P
Barcelona,2004-05,G,G,E,G,G,G,G,G,E,G,P,G,G,G,G,E,G,P,G,G,G,P,G,G,E,E,G,G,G,E
Real Sociedad,2004-05,E,E,P,P,P,G,P,G,G,P,P,G,E,G,P,E,G,P,P,P,P,E,G,G,P,G,P,G,E,G
Levante,2004-05,E,G,P,G,P,G,G,P,G,G,P,P,P,E,P,E,P,P,P,G,E,P,E,E,G,E,P,G,P,P
Sevilla,2004-05,G,P,G,E,G,E,G,G,P,E,P,G,P,G,E,G,G,E,P,G,P,G,G,P,E,E,P,P,G,G
Albacete,2004-05,P,P,P,E,E,G,P,G,E,E,P,E,G,P,P,E,E,G,E,P,P,G,P,P,P,E,P,P,P,P
Zaragoza,2004-05,G,E,G,P,G,P,G,P,G,E,E,P,P,P,E,P,G,G,P,P,G,P,P,E,G,P,G,G,E,E
Getafe,2004-05,P,P,P,G,P,G,P,P,P,G,G,E,P,E,P,E,G,E,E,G,P,G,P,E,G,E,E,G,P,E
Valencia,2004-05,G,E,G,G,G,E,P,P,E,P,E,G,G,G,G,E,G,G,E,P,E,E,P,P,G,E,E,P,G,E
Villarreal,2004-05,P,E,E,E,P,G,E,G,E,G,P,P,P,E,G,G,E,G,G,G,G,G,P,G,P,G,E,G,P,G
Atletico de Bilbao,2005-06,G,E,P,P,E,P,P,P,E,E,P,P,G,E,E,G,P,P,P,E,G,P,P,G,E,P,G,G,E,G
Real Sociedad,2005-06,P,G,P,G,P,E,G,G,P,P,G,P,E,E,P,P,G,P,P,E,P,G,P,P,P,P,G,P,P,P
Alaves,2005-06,E,P,P,E,P,G,E,P,E,P,E,G,P,P,E,P,P,P,G,P,G,E,G,P,E,P,G,E,G,E
Barcelona,2005-06,E,G,P,E,G,E,E,G,G,G,G,G,G,G,G,G,G,G,G,G,G,P,P,G,G,G,P,G,G,E
Valencia,2005-06,G,E,E,E,G,P,G,G,E,P,P,G,G,G,E,G,G,E,G,G,E,G,G,G,E,E,E,P,E,P
Betis,2005-06,P,G,E,E,P,E,G,P,P,E,P,P,E,P,E,P,G,E,G,P,G,P,P,P,G,P,E,E,G,G
Atletico de Madrid,2005-06,E,P,G,P,P,G,P,G,E,E,G,P,E,E,E,E,P,E,P,G,G,G,G,G,G,P,G,E,P,E
Zaragoza,2005-06,E,E,E,G,E,E,P,P,E,P,E,E,P,G,G,E,G,G,G,P,E,G,E,E,P,G,P,G,E,E
Cadiz,2005-06,P,G,E,E,P,E,G,G,E,P,P,P,E,P,P,P,P,G,G,P,E,E,P,P,P,G,P,E,P,E
Real Madrid,2005-06,G,P,P,G,G,G,G,P,G,G,P,P,E,G,G,E,P,E,G,G,G,G,G,G,P,G,E,E,E,G
Celta de Vigo,2005-06,G,G,P,G,G,E,P,G,E,G,P,G,P,G,P,P,P,G,E,G,P,G,G,P,G,G,P,P,P,G
Malaga,2005-06,P,P,G,E,G,P,P,G,E,E,P,G,P,P,P,E,E,P,P,P,P,G,P,P,P,E,E,P,P,E
Espanol,2005-06,P,G,G,P,P,E,P,P,P,E,E,G,E,P,E,E,G,P,G,P,G,P,P,P,G,P,G,P,E,E
Getafe,2005-06,G,E,G,E,G,G,P,G,P,P,P,E,G,P,P,P,G,P,E,G,P,E,E,P,E,G,G,P,P,G
Mallorca,2005-06,P,P,G,E,P,P,E,P,E,G,G,P,P,G,P,E,P,E,P,E,P,P,E,G,G,E,E,E,G,P
Deportivo,2005-06,G,G,E,E,E,P,E,P,G,E,G,G,P,G,G,G,P,G,P,E,P,P,G,E,G,P,P,G,G,P
Osasuna,2005-06,G,P,G,P,G,G,G,P,G,G,G,E,G,G,G,E,G,E,P,P,P,G,E,G,P,P,G,G,G,P
Villarreal,2005-06,P,E,E,P,G,G,E,G,E,G,G,E,G,P,G,G,E,E,P,G,P,E,P,G,E,G,E,E,E,P
Sevilla,2005-06,G,E,P,E,P,E,G,G,E,E,G,G,G,P,P,G,P,G,P,G,G,P,G,G,P,G,P,E,G,G
Santander,2005-06,P,P,G,G,E,P,E,P,E,E,E,P,P,E,G,E,G,E,G,P,E,P,G,P,E,E,P,G,P,E
Valencia,2006-07,G,G,G,E,G,P,G,P,E,E,P,P,P,G,G,G,G,G,G,P,G,P,G,E,G,E,P,G,P,G
Betis,2006-07,P,G,P,P,P,E,P,P,P,G,E,E,P,E,E,G,G,P,E,G,G,E,E,E,G,E,P,E,E,P
Atletico de Bilbao,2006-07,E,P,P,E,P,G,P,E,E,E,P,P,P,G,G,E,G,P,E,G,P,P,G,P,P,E,P,P,G,G
Real Sociedad,2006-07,E,P,P,P,P,P,E,P,P,E,E,E,E,P,G,E,G,P,P,P,E,P,P,P,P,G,E,G,P,G
Deportivo,2006-07,G,E,G,P,G,E,G,P,E,E,P,P,E,P,P,P,G,E,E,E,G,G,E,G,P,P,G,P,G,P
Zaragoza,2006-07,P,G,G,P,E,G,G,G,G,P,G,E,P,G,P,E,G,P,E,E,G,P,G,E,G,E,G,E,G,P
Espanol,2006-07,P,P,G,P,E,E,E,E,E,E,G,E,G,G,P,G,P,G,E,P,P,G,G,G,E,E,E,P,G,P
Gimnastic de Tarra,2006-07,G,P,P,E,P,P,P,P,P,E,P,P,P,G,P,P,E,P,P,G,E,P,P,E,G,G,P,E,P,G
Recreativo de Huel,2006-07,E,G,P,G,G,P,P,P,G,G,G,P,G,P,P,G,G,E,E,P,G,P,G,E,G,E,P,E,G,E
Mallorca,2006-07,E,E,P,G,P,G,E,G,E,P,P,G,E,P,P,P,P,G,P,G,P,G,P,P,G,P,G,E,G,P
Osasuna,2006-07,P,P,G,G,E,P,P,E,P,P,P,G,G,G,G,G,P,G,P,P,E,G,P,P,P,E,G,E,P,E
Getafe,2006-07,G,G,P,E,P,G,G,G,P,G,P,E,E,E,P,P,E,G,G,G,P,G,P,E,E,E,P,E,P,G
Santander,2006-07,P,P,P,E,E,G,E,G,E,E,P,G,E,P,G,G,P,G,E,E,G,P,G,E,G,E,G,G,E,G
Atletico de Madrid,2006-07,G,P,G,G,E,G,P,P,E,G,G,E,G,P,G,E,E,G,G,E,P,G,P,E,P,G,P,E,G,G
Real Madrid,2006-07,E,G,G,G,E,P,G,G,P,G,G,G,G,P,G,P,P,G,G,P,P,G,E,E,E,E,G,G,G,P
Villarreal,2006-07,E,P,P,G,G,E,E,G,G,P,G,P,G,E,P,P,P,G,E,G,P,P,P,G,E,G,E,E,P,P
Celta de Vigo,2006-07,P,G,P,P,E,G,G,P,G,P,G,E,E,E,E,E,P,P,P,P,E,P,G,E,P,E,P,P,P,G
Barcelona,2006-07,G,G,G,E,G,G,P,G,E,G,G,G,E,G,E,E,E,P,G,G,E,G,P,G,P,E,G,G,P,G
Sevilla,2006-07,G,G,G,P,G,P,G,G,G,E,G,G,P,G,G,G,P,P,E,G,E,E,G,E,G,P,G,E,E,P
Levante,2006-07,P,P,G,G,E,P,E,E,G,P,P,E,E,P,E,P,G,P,E,P,G,G,E,E,P,P,E,P,E,P
Murcia,2007-08,G,E,E,P,P,G,E,P,G,E,P,P,E,E,P,G,E,G,P,P,P,E,P,P,P,P,P,P,G,P
Zaragoza,2007-08,P,E,E,G,P,G,G,P,G,G,P,P,E,P,E,E,E,P,E,G,E,G,P,P,P,P,G,P,E,P
Real Madrid,2007-08,G,G,G,E,G,G,G,P,G,G,P,G,E,G,G,G,G,G,G,G,G,P,G,P,P,G,G,P,P,G
Atletico de Madrid,2007-08,P,E,E,G,G,G,P,G,G,G,P,E,G,G,G,E,P,G,G,P,P,E,G,P,P,G,P,G,G,P
Sevilla,2007-08,G,E,G,P,P,P,P,G,G,P,G,P,P,P,G,E,G,G,P,P,G,G,E,G,G,P,G,G,P,P
Getafe,2007-08,P,E,P,E,P,P,P,G,P,G,G,G,E,G,P,P,G,P,P,G,G,P,E,E,G,E,G,G,P,P
Atletico de Bilbao,2007-08,E,P,E,G,P,P,E,G,E,P,G,P,E,G,P,E,E,P,G,P,E,P,G,G,P,E,G,G,G,E
Osasuna,2007-08,E,E,E,P,G,P,G,P,E,G,P,P,P,G,E,P,G,P,P,G,P,P,G,P,G,E,G,E,P,G
Deportivo,2007-08,P,E,G,E,P,P,G,P,P,E,G,P,E,P,P,E,G,P,P,P,G,G,E,P,G,G,E,G,P,G
Almeria,2007-08,G,P,P,E,G,P,E,G,P,P,P,E,E,G,G,P,P,E,G,G,G,G,E,G,P,E,P,E,E,G
Espanol,2007-08,P,E,G,P,G,G,G,G,E,E,E,G,G,E,E,G,G,G,P,P,P,G,P,P,P,G,P,G,P,P
Valladolid,2007-08,G,E,P,E,P,P,P,P,E,E,G,G,P,G,P,E,E,G,G,G,P,P,P,E,G,P,P,E,P,G
Recreativo de Huel,2007-08,E,E,P,G,G,P,P,P,P,E,P,G,P,G,G,E,E,E,P,E,P,P,G,G,E,P,P,G,P,E
Betis,2007-08,E,E,P,P,P,G,E,E,E,P,P,G,P,P,G,G,E,P,G,E,G,P,P,G,E,G,P,P,G,G
Mallorca,2007-08,G,E,P,E,G,P,G,G,E,E,P,P,G,E,P,E,P,P,E,E,G,E,E,E,E,E,G,P,G,G
Levante,2007-08,P,E,P,P,P,P,P,P,P,P,G,P,G,P,P,P,P,E,P,E,G,E,P,G,P,G,P,P,P,P
Santander,2007-08,E,E,G,P,P,G,G,E,G,E,E,G,G,P,G,P,P,G,G,P,E,E,P,E,G,G,G,P,G,G
Barcelona,2007-08,E,G,E,G,G,G,G,P,G,E,G,P,G,E,G,G,P,G,G,G,E,G,E,G,G,P,P,E,G,P
Valencia,2007-08,P,G,G,G,G,G,P,G,P,P,G,G,P,P,E,P,E,E,P,P,P,G,G,E,E,P,E,P,G,P
Villarreal,2007-08,G,P,G,G,G,G,P,G,P,G,G,G,E,P,P,G,E,P,G,G,P,E,G,E,G,E,G,G,G,G
Espanol,2008-09,G,G,E,P,P,E,E,P,G,P,P,P,P,E,P,P,E,E,P,E,E,E,P,G,P,P,E,P,G,E
Valladolid,2008-09,P,G,P,G,P,P,E,P,G,P,G,G,G,E,G,P,P,P,P,E,G,G,P,P,G,G,G,P,P,P
Valencia,2008-09,G,E,G,G,G,G,G,E,P,G,P,E,G,P,G,P,G,E,P,P,G,P,E,E,P,P,E,G,G,G
Mallorca,2008-09,P,E,E,G,G,P,P,G,P,E,P,E,P,P,P,E,P,P,P,G,P,E,G,G,G,E,E,G,P,G
Atletico de Bilbao,2008-09,P,E,G,E,P,P,P,P,P,E,G,P,G,E,G,G,E,G,G,P,G,P,E,E,P,P,P,P,G,P
Almeria,2008-09,G,E,G,P,G,E,P,P,E,P,G,P,P,P,E,P,G,E,E,G,P,P,G,E,G,P,P,P,G,P
Atletico de Madrid,2008-09,G,P,G,G,P,P,P,E,G,E,G,E,G,G,G,G,P,P,E,E,P,G,E,P,G,E,G,P,P,G
Malaga,2008-09,P,E,P,P,G,G,G,G,P,P,E,E,G,P,G,E,G,G,G,E,P,G,E,G,P,G,E,P,P,G
Betis,2008-09,P,E,E,P,P,P,G,G,P,G,G,G,P,E,P,P,P,P,G,P,E,G,E,P,E,E,E,E,E,G
Recreativo de Huel,2008-09,G,P,P,E,P,P,E,E,E,P,P,P,P,G,G,P,G,E,G,G,E,P,E,E,G,P,E,P,P,P
Deportivo,2008-09,G,P,E,E,P,G,E,P,G,G,P,G,G,G,P,G,G,P,P,P,G,E,E,E,G,G,P,E,P,P
Real Madrid,2008-09,P,G,G,G,G,E,G,G,E,G,P,G,P,P,P,G,G,G,G,G,G,G,G,G,G,E,G,G,G,G
Sporting de Gijon,2008-09,P,P,P,P,P,G,G,G,G,P,G,P,G,P,P,G,P,G,P,P,G,P,P,P,P,G,G,P,P,P
Getafe,2008-09,G,E,E,P,G,E,P,G,E,P,P,E,G,E,G,P,P,P,P,G,E,E,E,E,P,P,P,G,P,G
Numancia,2008-09,G,P,P,P,E,P,P,G,P,P,G,E,P,G,P,G,P,G,P,P,P,P,P,P,P,G,P,G,E,E
Barcelona,2008-09,P,E,G,G,G,G,G,G,G,G,G,E,G,G,G,G,G,G,G,G,G,G,E,P,P,G,G,G,G,G
Osasuna,2008-09,E,E,P,E,E,P,P,P,P,E,P,G,P,E,P,G,E,P,P,E,G,G,E,G,E,P,E,G,G,G
Villarreal,2008-09,E,G,G,G,G,G,E,E,G,G,E,P,G,E,P,P,P,E,G,E,P,G,E,G,E,G,P,G,P,P
Santander,2008-09,E,E,P,P,P,G,E,P,G,G,P,G,P,E,E,E,G,E,G,G,P,P,E,P,E,P,G,P,G,P
Sevilla,2008-09,E,G,E,G,G,G,G,P,P,G,G,E,P,G,G,E,E,G,G,P,P,P,G,G,G,G,E,G,G,P
Real Madrid,2009-10,G,G,G,G,G,P,G,E,G,G,G,P,G,G,G,E,G,P,G,G,G,G,G,G,G,G,G,G,G,G
Deportivo,2009-10,P,G,P,G,G,G,G,P,E,G,G,G,P,E,E,E,G,P,G,P,E,P,G,P,G,E,P,P,P,P
Zaragoza,2009-10,G,P,P,E,G,P,E,P,G,P,E,P,P,P,P,E,P,E,P,G,G,E,P,G,E,E,P,P,G,G
Tenerife,2009-10,P,G,P,G,P,P,P,G,P,E,P,E,G,P,E,P,P,E,E,P,P,G,P,P,P,G,P,E,E,P
Malaga,2009-10,G,P,P,P,P,E,P,P,P,E,E,E,E,E,G,E,E,G,P,G,E,G,G,P,P,P,G,P,E,P
Atletico de Madrid,2009-10,P,E,P,E,E,G,P,E,P,P,P,G,G,P,E,G,G,G,P,P,E,G,P,G,E,G,P,G,P,G
Valencia,2009-10,G,G,E,P,E,G,E,G,G,G,G,E,G,P,E,G,G,G,E,P,G,E,G,P,E,P,G,G,P,G
Sevilla,2009-10,P,G,G,G,G,G,P,E,G,G,G,E,E,G,P,P,P,P,G,G,P,G,G,E,P,E,P,E,P,G
Mallorca,2009-10,G,E,G,P,G,P,G,E,G,P,G,E,G,G,P,G,P,G,E,P,G,P,P,G,G,P,G,E,P,E
Xerez,2009-10,P,P,P,P,E,E,G,P,P,E,E,P,P,P,P,P,P,E,P,G,P,P,P,E,G,P,G,E,G,E
Almeria,2009-10,E,P,G,E,E,P,G,P,P,G,P,P,P,E,P,G,E,E,P,E,G,E,G,G,E,G,P,G,P,E
Valladolid,2009-10,E,P,G,P,P,E,P,G,E,E,P,E,E,E,G,P,P,E,P,E,P,E,E,P,P,P,G,E,P,P
Santander,2009-10,P,E,G,P,E,P,E,E,P,P,P,P,G,G,P,G,G,E,G,E,E,P,P,P,E,E,G,E,P,P
Getafe,2009-10,G,P,P,G,P,G,P,G,P,P,G,G,P,G,G,G,P,P,G,E,P,E,P,P,E,G,E,P,G,E
Osasuna,2009-10,E,P,P,G,G,P,G,E,E,P,P,G,E,P,P,E,P,G,G,G,G,P,E,P,E,P,P,P,G,P
Villarreal,2009-10,E,E,P,P,P,E,P,G,G,P,G,P,G,G,G,E,E,P,G,P,P,G,P,G,E,G,P,E,G,G
Atletico de Bilbao,2009-10,G,G,G,P,P,E,P,P,G,G,E,G,P,G,G,P,E,G,P,P,G,P,G,E,G,E,E,P,G,P
Espanol,2009-10,P,P,G,G,E,E,G,E,E,P,P,P,P,P,G,P,G,P,E,G,P,G,P,E,E,P,G,E,E,E
Barcelona,2009-10,G,G,G,G,G,G,E,G,E,G,E,G,G,G,G,E,G,G,G,G,G,P,G,G,E,G,G,G,G,G
Sporting de Gijon,2009-10,P,G,E,E,P,G,G,E,E,G,E,G,P,P,P,E,G,P,P,P,P,E,G,G,P,E,P,G,E,E
Hercules,2010-11,P,G,P,E,G,P,E,E,P,P,G,P,G,P,G,E,P,G,P,P,P,P,G,P,E,P,P,P,P,G
Atletico de Bilbao,2010-11,G,P,E,G,P,P,G,P,G,P,G,P,G,P,G,G,P,E,G,G,G,G,P,P,P,P,G,E,P,G
Levante,2010-11,P,P,P,G,E,E,G,P,P,P,P,G,P,G,E,P,P,P,P,P,G,G,G,P,G,E,G,E,G,G
Sevilla,2010-11,G,E,G,E,P,G,P,G,P,G,G,P,P,P,P,P,G,G,P,G,E,E,P,G,E,G,P,E,G,G
Malaga,2010-11,P,G,P,G,P,E,P,P,P,P,G,P,P,G,P,P,G,E,P,P,P,E,E,E,G,P,P,G,G,P
Valencia,2010-11,G,G,G,E,G,G,P,P,E,P,G,E,G,P,E,G,G,G,G,G,E,G,G,E,G,P,G,P,P,G
Deportivo,2010-11,E,E,E,P,P,P,E,P,G,G,E,G,P,G,P,E,G,P,P,P,E,P,G,E,E,E,G,P,P,G
Zaragoza,2010-11,E,P,P,E,P,E,P,P,E,G,P,E,P,E,P,E,G,P,G,G,G,E,P,P,E,G,P,G,P,P
Espanol,2010-11,G,P,G,P,G,P,G,G,P,G,E,G,G,G,P,P,P,G,G,G,P,P,P,P,G,P,P,G,P,P
Getafe,2010-11,P,G,E,P,G,G,P,G,P,P,P,E,G,G,G,G,P,E,P,P,P,G,E,P,E,E,P,E,P,P
Mallorca,2010-11,E,P,G,P,G,E,P,G,G,P,E,G,G,P,P,P,G,G,P,P,P,E,G,P,P,G,P,E,G,P
Real Madrid,2010-11,E,G,G,G,E,G,G,G,G,G,G,G,P,G,G,G,G,G,E,G,P,G,G,G,E,G,G,G,G,P
Osasuna,2010-11,E,P,P,G,P,E,E,G,P,G,P,G,P,P,E,E,P,E,P,P,G,E,P,G,P,E,G,G,G,P
Almeria,2010-11,E,E,P,P,G,E,P,E,E,E,P,P,P,E,G,P,P,P,E,G,P,G,P,E,P,E,G,E,P,P
Santander,2010-11,P,P,G,E,P,P,G,P,G,P,E,P,G,P,G,E,E,E,P,P,E,E,G,G,E,E,P,P,G,G
Barcelona,2010-11,G,P,G,G,G,E,G,G,G,G,G,G,G,G,G,G,G,G,G,G,G,G,E,G,G,G,G,E,G,G
Real Sociedad,2010-11,G,E,P,P,P,G,P,G,G,G,P,P,G,G,P,P,P,P,G,P,G,P,G,G,P,E,P,P,P,P
Villarreal,2010-11,P,G,G,G,G,G,E,G,E,G,P,E,G,G,P,G,G,P,G,G,G,P,P,E,E,G,P,E,G,P
Atletico de Madrid,2010-11,G,G,P,E,G,P,G,P,E,P,G,G,P,P,G,G,E,P,G,P,P,P,P,G,E,E,G,E,P,G
Sporting de Gijon,2010-11,P,G,E,P,P,E,G,P,E,E,P,P,P,P,E,E,P,E,G,G,G,P,E,E,E,P,G,E,G,G
Espanol,2011-12,G,P,G,P,G,P,P,G,G,G,P,E,E,P,P,G,G,E,E,P,G,E,P,E,P,P,G,G,E,P
Granada,2011-12,P,P,P,G,P,E,P,E,P,P,G,E,E,G,G,P,G,P,P,G,G,G,P,G,P,P,P,G,P,P
Santander,2011-12,P,P,E,P,E,E,E,P,P,E,G,E,P,P,G,E,E,G,G,E,E,E,E,P,E,P,P,P,P,E
Getafe,2011-12,G,E,P,P,P,G,P,E,E,E,P,G,P,G,P,G,G,E,E,E,G,P,P,E,E,P,G,G,E,G
Real Sociedad,2011-12,P,G,E,P,G,P,P,P,E,P,P,P,E,G,G,E,E,E,G,E,G,P,G,P,G,P,G,P,P,P
Atletico de Madrid,2011-12,G,E,P,G,G,P,E,E,E,P,G,P,G,P,G,P,P,E,G,E,G,E,E,E,P,E,G,P,G,P
Betis,2011-12,E,G,G,G,G,P,P,P,P,P,P,E,P,P,P,G,G,G,P,G,P,P,G,G,E,P,P,P,E,E
Sevilla,2011-12,E,G,E,G,E,G,E,G,E,E,P,E,P,G,G,P,P,P,E,P,P,P,P,G,G,E,P,P,G,G
Osasuna,2011-12,E,E,G,P,E,E,E,P,G,E,G,P,E,G,G,E,G,E,P,P,P,E,G,P,G,E,G,E,E,G
Valencia,2011-12,E,G,G,G,E,P,G,E,E,G,G,G,P,G,G,P,G,E,P,G,E,E,G,P,P,G,E,G,P,P
Rayo Vallecano,2011-12,P,E,E,G,P,P,E,P,G,G,P,G,E,P,P,P,P,G,G,P,P,G,G,G,P,G,P,G,P,P
Mallorca,2011-12,G,G,P,P,P,G,E,E,E,P,P,E,E,G,E,G,P,E,P,G,P,G,P,G,P,E,E,G,G,P
Malaga,2011-12,P,P,G,G,G,E,G,P,P,P,G,E,G,G,P,E,P,E,P,P,G,P,G,P,G,G,G,E,G,G
Barcelona,2011-12,G,G,E,G,E,G,G,G,E,G,G,E,G,P,G,G,G,E,G,G,E,G,P,G,G,G,G,G,G,G
Levante,2011-12,E,E,E,G,G,G,G,G,G,G,P,P,P,G,P,G,P,E,P,P,P,E,P,P,G,G,P,G,G,P
Zaragoza,2011-12,E,P,E,G,P,E,E,G,P,P,P,E,P,P,P,P,P,P,E,G,P,P,G,P,P,G,P,E,G,G
Real Madrid,2011-12,G,G,G,P,E,G,G,G,G,G,G,G,G,G,G,P,G,G,G,G,G,G,G,G,G,G,G,E,E,G
Atletico de Bilbao,2011-12,P,E,P,P,P,E,G,G,E,G,E,E,G,P,E,E,G,E,G,P,G,E,P,G,E,G,P,P,P,E
Villarreal,2011-12,G,P,E,P,G,E,E,E,P,P,G,E,G,P,P,E,P,E,P,G,E,G,G,P,E,P,P,P,E,G
Sporting de Gijon,2011-12,P,P,P,P,P,E,P,P,G,G,E,E,G,P,P,G,P,P,G,P,P,E,P,E,E,P,G,P,P,E
Celta de Vigo,2012-13,P,P,G,P,G,P,G,P,E,P,P,E,G,E,P,P,P,G,P,E,E,P,P,P,G,P,P,P,E,P
Malaga,2012-13,G,E,G,G,E,G,P,G,E,P,P,E,G,P,G,G,G,P,P,E,G,E,G,G,P,E,E,P,G,P
Sevilla,2012-13,G,E,E,G,G,P,P,G,P,E,P,G,P,P,E,P,P,G,P,E,G,G,P,G,P,G,P,G,P,G
Getafe,2012-13,P,G,E,P,P,G,G,P,G,P,P,G,G,G,E,E,P,P,E,E,P,G,P,G,G,G,E,G,E,E
Mallorca,2012-13,G,E,G,E,G,P,P,P,P,P,P,E,P,E,P,P,G,E,P,P,P,P,E,P,P,G,G,P,P,P
Espanol,2012-13,P,P,P,E,P,P,E,G,E,G,P,P,P,E,E,E,G,P,G,G,E,G,G,G,P,E,P,G,E,G
Atletico de Bilbao,2012-13,P,P,G,E,E,P,G,P,P,G,G,P,E,P,G,G,P,P,P,E,G,E,P,P,P,G,G,P,G,P
Betis,2012-13,G,P,P,G,G,P,G,E,G,G,P,P,G,G,P,G,P,G,G,E,P,P,E,P,G,E,G,P,E,G
Real Madrid,2012-13,E,P,G,P,G,G,E,G,G,G,G,G,P,G,G,E,P,G,E,G,G,P,G,G,G,G,G,G,E,G
Valencia,2012-13,E,E,P,G,P,G,P,G,P,G,E,G,P,P,G,P,G,G,G,P,G,E,G,G,E,E,P,G,E,G
Barcelona,2012-13,G,G,G,G,G,G,E,G,G,G,G,G,G,G,G,G,G,G,G,P,G,E,G,G,G,P,G,G,E,G
Real Sociedad,2012-13,P,G,P,G,P,G,P,P,E,P,G,G,E,G,E,E,G,P,E,G,E,G,G,E,G,E,G,G,E,G
Levante,2012-13,E,P,G,P,G,P,G,G,G,E,P,G,P,E,G,G,P,G,P,P,G,P,P,E,P,E,E,E,G,P
Atletico de Madrid,2012-13,E,G,G,G,G,G,G,G,G,P,G,G,G,P,G,P,G,E,G,G,P,G,P,G,G,E,P,G,E,E
Deportivo,2012-13,G,E,E,E,P,P,P,P,E,G,P,P,E,P,P,E,P,G,E,P,P,P,P,P,P,E,P,G,G,G
Osasuna,2012-13,P,P,P,E,P,G,P,E,P,P,G,E,E,G,P,E,P,P,E,G,P,G,E,G,G,P,P,P,G,P
Rayo Vallecano,2012-13,G,G,E,P,P,P,G,P,P,G,G,P,G,P,P,G,G,G,G,P,G,P,G,P,P,E,G,P,P,G
Granada,2012-13,P,E,P,E,P,G,G,P,P,P,G,P,P,E,P,E,G,P,E,G,P,G,G,P,P,P,E,E,P,P
Zaragoza,2012-13,P,G,P,P,G,P,P,G,G,P,G,P,P,E,G,P,G,P,P,P,E,E,P,P,E,P,E,P,E,P
Valladolid,2012-13,G,G,P,P,P,G,E,P,E,G,E,P,G,G,P,E,P,P,G,G,P,E,E,P,G,E,E,P,P,P
Real Sociedad,2013-14,G,E,P,E,E,P,E,P,G,G,E,G,P,G,G,G,G,G,P,E,G,P,E,G,G,P,P,G,P,G
Getafe,2013-14,P,E,P,G,P,G,G,G,G,P,G,P,E,P,G,P,P,P,P,E,P,E,P,P,E,E,P,E,P,P
Valladolid,2013-14,P,P,G,E,P,E,E,P,E,G,E,P,E,P,P,G,P,E,P,P,G,E,E,P,E,E,G,P,E,P
Atletico de Bilbao,2013-14,G,G,P,G,P,G,P,E,G,G,E,P,G,G,G,E,G,P,G,G,G,E,E,P,G,G,E,E,G,E
Valencia,2013-14,G,P,P,P,G,G,G,E,P,P,P,G,E,P,G,P,P,G,P,E,E,G,G,E,G,P,E,P,G,E
Malaga,2013-14,P,P,E,G,E,G,E,P,P,P,E,G,P,P,E,G,G,P,P,E,P,G,P,P,E,E,G,P,G,P
Barcelona,2013-14,G,G,G,G,G,G,G,G,E,G,G,G,G,G,P,G,G,G,E,E,G,P,G,G,P,G,P,G,G,G
Levante,2013-14,P,E,G,E,E,E,G,P,G,G,E,P,P,P,P,G,P,P,G,E,G,E,E,G,E,G,P,P,E,P
Real Madrid,2013-14,G,G,G,E,G,G,P,G,G,P,G,G,G,G,G,E,G,G,G,G,G,E,G,G,G,E,G,G,P,P
Betis,2013-14,P,P,E,G,E,P,G,P,P,P,E,P,P,P,E,P,P,E,P,P,P,G,P,P,P,E,G,E,P,G
Osasuna,2013-14,P,P,P,P,G,P,P,G,E,P,G,P,P,G,P,E,E,G,G,E,P,P,G,E,G,P,P,P,P,P
Granada,2013-14,G,P,E,P,E,P,G,P,P,G,P,G,G,P,P,G,P,P,G,E,P,P,P,G,P,P,G,E,G,P
Sevilla,2013-14,P,E,E,P,P,G,E,G,E,G,P,P,G,G,G,E,G,G,E,E,P,P,P,E,G,G,G,G,G,G
Atletico de Madrid,2013-14,G,G,G,G,G,G,G,G,P,G,G,G,E,G,G,G,G,G,E,E,G,G,P,G,P,E,G,G,G,G
Rayo Vallecano,2013-14,G,P,P,P,P,P,P,G,G,P,P,P,G,P,E,P,P,P,G,P,P,E,G,P,P,G,G,G,E,G
Elche,2013-14,P,E,E,E,P,P,G,G,G,P,E,P,E,G,P,P,P,P,E,G,P,G,E,E,P,G,P,E,P,E
Celta de Vigo,2013-14,E,G,E,P,E,P,P,P,P,G,P,G,P,P,G,P,E,P,G,P,G,G,E,G,E,P,P,G,P,P
Espanol,2013-14,E,G,E,G,G,P,P,P,G,P,E,P,P,G,P,E,G,P,P,G,E,P,G,G,P,E,G,P,E,G
Almeria,2013-14,P,E,E,P,E,P,P,P,P,P,G,G,G,P,P,E,G,G,P,P,G,P,G,P,E,P,P,P,G,E
Villarreal,2013-14,G,G,G,E,E,G,P,G,P,G,P,G,E,G,E,P,P,G,G,G,P,G,P,P,G,E,P,E,P,G
Malaga,2014-15,G,P,E,E,E,P,G,G,G,G,G,P,P,G,G,G,P,E,P,E,G,P,P,G,G,P,G,P,E,P
Atletico de Bilbao,2014-15,P,G,P,P,P,E,P,E,G,G,E,G,G,P,E,P,P,P,P,E,G,P,E,G,G,G,G,G,P,E
Sevilla,2014-15,E,G,G,G,G,P,G,G,G,P,E,P,G,G,E,P,G,G,G,P,G,P,G,P,E,G,G,G,G,G
Valencia,2014-15,E,G,G,G,G,E,G,P,G,G,E,P,P,E,G,G,G,E,G,G,P,G,G,G,G,E,G,G,E,E
Granada,2014-15,G,E,E,G,P,P,P,P,E,P,E,E,P,E,P,E,P,E,P,E,G,P,E,P,P,G,P,E,P,E
Deportivo,2014-15,P,E,G,P,P,P,P,G,E,P,E,E,P,P,G,P,G,E,P,E,G,G,P,P,E,P,P,E,P,E
Almeria,2014-15,E,P,E,G,P,G,E,P,P,P,P,E,P,P,P,G,G,P,P,P,G,G,E,P,E,P,E,P,P,P
Espanol,2014-15,E,P,P,E,G,E,G,P,E,P,E,P,G,P,G,G,P,P,G,G,P,P,G,P,G,P,E,E,E,G
Eibar,2014-15,G,P,P,G,E,E,E,P,E,G,P,P,G,G,E,P,G,G,E,P,P,P,P,P,P,P,P,E,P,G
Real Sociedad,2014-15,P,G,E,P,P,E,P,P,E,P,G,E,G,P,E,E,G,E,P,G,P,E,E,G,P,G,G,G,E,P
Celta de Vigo,2014-15,G,E,E,E,G,G,P,E,G,G,E,P,P,P,P,P,P,E,P,P,G,E,G,G,E,P,P,G,P,E
Getafe,2014-15,P,G,P,P,P,G,E,G,P,G,E,P,P,E,E,E,P,P,P,G,P,G,P,G,P,G,P,P,G,G
Barcelona,2014-15,G,G,G,G,E,G,G,G,P,P,G,G,G,G,E,G,P,G,G,G,G,G,G,P,G,G,G,G,G,G
Elche,2014-15,P,E,G,P,P,P,E,P,P,G,E,E,P,P,P,P,E,G,G,P,P,G,G,P,E,G,P,P,E,P
Levante,2014-15,P,P,E,P,G,P,E,P,P,G,E,G,P,E,E,E,P,E,P,P,P,G,P,G,P,G,P,P,G,P
Villarreal,2014-15,G,P,E,G,E,P,G,G,P,P,E,G,G,G,G,G,E,E,G,G,P,G,P,G,E,G,E,P,E,P
Real Madrid,2014-15,G,P,P,G,G,G,G,G,G,G,G,G,G,G,G,G,P,G,G,G,G,P,G,G,E,P,G,P,G,G
Cordoba,2014-15,P,E,E,P,P,E,E,P,E,P,E,E,P,G,E,P,G,G,E,P,P,P,P,P,P,P,P,P,P,E
Rayo Vallecano,2014-15,E,E,P,P,G,G,P,G,P,P,P,G,G,P,P,P,G,P,G,P,P,P,G,P,G,P,G,G,G,P
Atletico de Madrid,2014-15,E,G,G,E,G,G,P,G,G,G,P,G,G,G,P,G,G,P,G,G,G,G,P,G,E,E,E,G,G,G
Malaga,2015-16,E,P,E,P,P,E,G,P,G,P,P,P,E,E,G,G,G,G,E,P,P,G,G,P,E,E,P,E,G,G
Sevilla,2015-16,E,P,E,P,P,G,G,E,G,P,G,P,G,E,G,E,G,P,G,G,E,G,E,G,E,P,G,E,G,P
Deportivo,2015-16,E,E,G,P,G,G,E,E,P,E,E,G,G,E,E,G,E,P,P,E,E,E,E,E,P,P,P,E,P,G
Real Sociedad,2015-16,E,E,P,P,G,E,P,P,G,P,P,G,P,G,E,P,P,E,G,E,P,G,G,G,G,E,P,E,P,P
Espanol,2015-16,G,P,P,G,G,P,P,G,P,E,P,G,P,E,P,G,P,E,P,P,E,P,P,P,G,G,P,G,E,G
Getafe,2015-16,P,P,P,G,P,G,E,G,P,P,P,E,G,P,E,E,E,G,G,G,P,P,P,P,P,P,P,E,P,E
Atletico de Madrid,2015-16,G,G,P,G,G,P,E,G,G,E,G,G,G,G,G,P,G,G,G,G,E,P,G,G,E,G,G,G,G,P
Las Palmas,2015-16,P,E,E,P,G,P,P,P,E,P,G,E,P,P,G,P,G,E,E,P,P,G,P,P,P,G,G,G,P,G
Rayo Vallecano,2015-16,E,P,P,G,G,P,P,P,G,P,G,E,P,P,P,P,P,E,P,E,G,E,G,E,E,E,P,P,E,E
Valencia,2015-16,E,E,G,E,P,G,P,G,P,G,G,E,P,E,E,E,P,E,P,E,E,P,P,G,G,P,G,P,P,P
Atletico de Bilbao,2015-16,P,P,G,P,P,E,G,E,G,G,G,P,G,E,P,G,G,E,P,P,G,G,E,P,P,G,G,G,G,P
Barcelona,2015-16,G,G,G,G,P,G,P,G,G,G,G,G,G,E,E,G,G,E,G,G,G,G,G,G,G,G,G,G,G,E
Sporting de Gijon,2015-16,E,E,P,G,P,P,G,E,P,G,P,P,P,G,P,P,P,P,P,P,G,G,E,E,E,P,P,P,P,G
Real Madrid,2015-16,E,G,G,G,G,E,E,G,G,G,P,P,G,G,P,G,G,E,G,G,E,G,G,G,E,P,G,G,G,G
Levante,2015-16,P,E,E,P,E,P,G,P,P,P,E,G,P,E,P,P,P,P,G,P,G,P,P,P,G,P,P,E,G,P
Celta de Vigo,2015-16,G,G,E,G,G,E,E,G,P,G,P,P,G,E,G,G,P,P,P,G,P,P,E,P,G,G,E,P,G,G
Betis,2015-16,E,P,G,E,P,G,G,P,E,P,G,P,G,E,P,E,P,P,P,E,E,P,G,E,E,E,G,G,P,P
Villarreal,2015-16,E,G,G,G,G,G,P,P,E,G,P,E,P,G,G,G,G,G,G,E,E,G,E,G,E,G,E,P,P,E
Granada,2015-16,P,G,P,P,P,P,E,E,E,E,P,G,E,P,G,P,P,G,P,P,G,P,P,P,P,G,G,P,E,E
Eibar,2015-16,G,G,E,P,E,E,G,E,P,G,G,E,P,P,E,P,G,G,G,G,P,P,P,G,P,P,P,P,E,E
Malaga,2016-17,E,E,P,P,G,P,G,E,G,P,G,E,G,E,E,P,P,P,P,E,P,E,G,P,P,P,P,E,P,G
Osasuna,2016-17,E,P,P,E,P,P,E,G,P,E,P,P,P,P,P,P,E,E,P,E,P,P,P,P,P,P,E,P,P,G
Deportivo,2016-17,G,E,P,E,P,P,G,P,P,E,E,P,P,G,P,G,E,E,E,P,E,P,P,P,E,G,G,P,P,E
Eibar,2016-17,P,G,G,E,P,G,E,P,E,G,P,G,G,P,E,E,P,G,P,G,G,G,P,G,E,P,E,E,G,G
Barcelona,2016-17,G,G,P,G,E,G,P,G,G,G,G,E,E,E,G,G,E,G,G,E,G,G,G,G,G,G,P,G,G,G
Betis,2016-17,P,E,G,E,P,G,P,P,G,P,P,G,P,E,G,P,G,P,E,E,E,E,P,P,G,P,P,G,P,P
Granada,2016-17,E,P,P,E,P,P,P,P,E,P,E,E,P,G,E,P,P,E,P,P,G,P,G,P,G,P,P,P,P,E
Villarreal,2016-17,E,E,G,G,E,G,E,G,G,P,G,P,P,E,G,G,E,E,P,G,E,E,G,P,G,G,G,P,P,G
Sevilla,2016-17,G,E,G,E,G,P,G,G,G,E,P,G,G,P,G,G,G,G,G,P,E,G,G,G,G,E,E,P,E,P
Espanol,2016-17,P,E,E,P,G,P,E,E,E,G,E,G,G,E,G,P,E,P,G,G,G,P,P,G,E,P,G,E,G,P
Sporting de Gijon,2016-17,G,E,G,P,P,P,P,P,E,E,P,P,P,G,P,P,P,P,E,P,P,G,P,E,P,P,E,G,E,P
Atletico de Bilbao,2016-17,P,P,G,G,G,G,P,G,P,E,E,G,P,G,P,G,E,E,E,G,P,G,P,G,P,G,G,P,G,G
Real Sociedad,2016-17,P,G,E,P,G,P,G,P,G,G,G,G,E,P,G,G,P,G,G,P,G,G,P,G,E,G,P,P,E,P
Real Madrid,2016-17,G,G,G,G,E,E,E,G,G,G,G,G,G,E,G,P,G,P,G,G,G,G,G,G,E,G,G,G,G,G
Atletico de Madrid,2016-17,E,E,G,G,E,G,G,G,P,G,P,P,G,E,P,G,G,G,E,E,G,G,G,P,E,G,G,G,G,G
Alaves,2016-17,E,E,G,E,P,G,P,E,P,P,G,P,G,E,E,G,E,P,E,E,G,P,G,G,P,E,G,G,P,P
Celta de Vigo,2016-17,P,P,P,E,G,G,G,P,G,E,G,P,G,E,P,P,G,G,P,G,P,P,G,E,E,P,P,G,G,P
Leganes,2016-17,G,E,P,P,G,P,G,P,P,P,P,G,P,E,E,E,P,E,E,P,P,P,P,G,P,G,E,E,E,P
Valencia,2016-17,P,P,P,P,G,G,P,G,P,E,P,E,P,E,P,G,E,G,G,P,P,E,G,P,G,P,E,P,G,G
Las Palmas,2016-17,G,G,P,G,P,E,E,E,P,E,G,P,G,E,E,P,G,P,E,G,P,P,P,P,E,G,P,G,P,P
Valencia,2017-18,G,E,E,E,G,G,G,G,G,G,G,G,E,P,G,P,P,G,G,P,P,P,G,G,G,E,G,G,G,G
Las Palmas,2017-18,P,P,G,G,P,P,P,P,P,P,P,P,E,G,P,E,P,P,P,G,P,G,E,P,E,E,P,P,E,P
Leganes,2017-18,G,G,P,P,E,G,E,G,G,P,P,P,P,G,P,P,E,G,P,E,G,E,P,P,E,P,G,P,G,P
Alaves,2017-18,P,P,P,P,P,P,G,P,P,P,G,P,P,G,G,P,G,P,G,E,P,G,G,G,P,G,P,P,P,E
Celta de Vigo,2017-18,P,P,G,P,E,G,E,G,P,P,G,P,G,E,P,P,G,E,G,G,G,P,E,P,G,P,G,P,E,E
Real Sociedad,2017-18,G,G,G,P,P,P,E,G,E,P,G,E,E,P,P,E,G,P,P,P,P,G,P,G,P,E,G,P,P,E
Girona,2017-18,E,G,P,P,E,P,E,P,G,G,G,E,E,P,G,G,P,P,G,E,E,G,P,G,P,G,G,G,P,E
Atletico de Madrid,2017-18,E,G,E,G,G,G,E,E,G,E,G,E,G,G,G,G,P,G,G,E,G,G,G,G,G,G,P,G,P,G
Sevilla,2017-18,E,G,G,G,G,P,G,P,P,G,P,G,G,G,P,E,P,P,P,G,E,P,G,G,P,G,G,P,P,E
Espanol,2017-18,E,P,P,G,E,G,P,E,E,G,P,P,G,P,P,E,G,G,E,P,P,E,E,E,E,G,E,G,P,E
Levante,2017-18,G,E,E,E,G,P,P,E,E,E,P,G,P,E,P,E,E,P,P,P,E,E,P,P,P,P,E,G,G,E
Villarreal,2017-18,P,P,G,G,E,P,G,G,G,E,G,E,P,P,P,G,G,E,G,G,G,P,P,E,G,P,P,G,G,P
Atletico de Bilbao,2017-18,E,G,G,P,P,E,P,G,P,P,P,E,E,E,G,E,G,G,E,E,E,P,E,P,G,E,P,G,P,E
Getafe,2017-18,E,P,G,P,E,G,P,P,E,G,E,G,P,G,E,P,G,P,G,E,E,E,E,G,P,G,P,P,G,P
Malaga,2017-18,P,P,P,P,P,E,P,P,P,G,P,G,P,E,G,P,P,P,P,E,E,P,P,P,P,P,P,P,E,G
Eibar,2017-18,G,P,P,G,P,P,P,E,P,E,P,G,G,G,E,G,G,G,P,E,E,G,G,P,P,G,E,P,P,E
Barcelona,2017-18,G,G,G,G,G,G,G,E,G,G,G,G,E,E,G,G,G,G,G,G,G,E,E,G,G,E,G,G,G,E
Betis,2017-18,P,G,P,G,G,G,E,P,G,P,E,P,E,P,P,G,P,G,G,P,P,G,G,P,G,E,P,G,G,G
Deportivo,2017-18,P,E,P,P,G,P,G,E,P,G,P,P,E,P,G,P,P,E,P,P,E,P,P,P,E,P,E,P,E,P
Real Madrid,2017-18,G,E,E,G,P,G,G,G,G,P,G,E,G,E,G,G,P,E,P,G,G,E,G,G,G,P,G,G,G,G
